Run_Date,Ticker,Company_Name,Sector,Total_Score,Score_Size,Score_FCFP,Market_Cap_Billion,Enterprise_Value,BM_Ratio,FCF_Yield_Pct,ROA,EBITDA_Margin,Asset_Growth,EBITDA_Growth,Inv_Dummy,Price_Range_Pct,Momentum_6M_Pct,Score_Momentum,Data_Quality_Flag
2026-08-14,GTM,ZoomInfo,Communication Services,81.8,70.5,97.7,1.18B,2620184320.0,1.2796484199596478,30.23%,0.01928721174004193,0.26066426570628254,-0.004344733749768075,1.0838131797824697,0.0,15.15%,-59.5%,99.6,要確認: FCF異常値(>30%)
2026-08-14,INVA,"Innoviva, Inc.",Health Care,80.17,92.8,67.1,1.53B,1251276800.0,0.7661211388530867,7.21%,0.16583341742270657,0.8991291621285203,0.2567944599019261,3.325629539526778,0.0,54.11%,7.24%,59.3,
2026-08-14,AMPH,"Amphstar Pharmaceuticals, Inc.",Health Care,79.27,92.6,96.6,0.89B,1256614656.0,0.8868274418863682,25.87%,0.060206260483803155,0.2949157298298205,0.0328557753871706,-0.23441466651280868,1.0,29.16%,-19.58%,87.2,
2026-08-14,AGO,Assured Guaranty Ltd.,Financials,77.03,52.2,17.4,3.38B,3834120704.0,1.6768509923973123,0.43%,0.0413107752956636,,0.02310730190740274,,,20.52%,-9.4%,79.6,金融・不動産セクター特化評価
2026-08-14,PRDO,Perdoceo Education Corp.,Consumer Discretionary,76.9,90.8,75.3,2.0B,1374725504.0,0.48545561765902717,9.22%,0.12816528106934505,0.31311813316692194,0.008635979285937168,0.22256781327008093,0.0,45.19%,1.55%,68.2,
2026-08-14,LEG,Leggett & Platt,Consumer Discretionary,76.84,73.3,93.9,1.32B,2426713344.0,0.7746411837178169,18.3%,0.06656486822757607,0.11960247589455254,-0.034192702643653046,2.6881308736512355,0.0,28.33%,-23.04%,89.3,
2026-08-14,DLX,Deluxe Corporation,Industrials,75.29,71.9,91.2,1.1B,2550356480.0,0.6169505543545553,16.75%,0.028670205335940772,0.1776673542096381,0.011515365595196043,0.03750342184505886,0.0,43.96%,1.12%,68.8,
2026-08-14,IIPR,"Innovative Industrial Properties, Inc.",Real Estate,75.27,78.5,60.4,1.62B,2119473664.0,1.1383187539491197,6.15%,0.04987519286266828,0.7935289804666203,-0.0030230689300926347,-0.15148018446519967,1.0,54.86%,18.02%,41.7,金融・不動産セクター特化評価
2026-08-14,COLL,"Collegium Pharmaceutical, Inc.",Health Care,75.08,81.1,98.7,0.88B,2004855552.0,0.34472919432042154,37.03%,0.037945865427677125,0.5137355281481282,-0.004061695452788576,0.1735518083008001,0.0,10.9%,-39.81%,96.6,要確認: FCF異常値(>30%)
2026-08-14,NABL,"N-able, Inc.",Information Technology,73.41,96.4,82.2,0.65B,1015878272.0,1.2382450777413334,10.78%,-0.012080237973311696,0.16120485696967327,0.05307477254682574,-0.25067711268245685,1.0,8.94%,-51.27%,98.6,
2026-08-14,KMPR,Kemper Corporation,Financials,72.66,70.7,88.1,1.62B,2601021952.0,1.6596181769552711,13.65%,0.011489092177315257,,-0.012485748669875856,,,14.68%,-27.48%,91.9,金融・不動産セクター特化評価
2026-08-14,INSP,"Inspire Medical Systems, Inc.",Health Care,71.34,90.6,56.4,1.65B,1390992768.0,0.47320589904206783,5.73%,0.16027694840943132,0.08749195432799586,0.12238505757790552,0.22708189158016148,0.0,16.82%,-40.81%,96.8,
2026-08-14,AMSF,"Amerisafe, Inc.",Financials,71.22,99.2,65.8,0.52B,415098432.0,0.4865000048263659,7.01%,0.04170116333375791,,-0.02353360839737051,,,2.7%,-26.19%,91.1,金融・不動産セクター特化評価
2026-08-14,EFOR,Everforth Inc.,Information Technology,70.65,69.3,91.0,1.3B,2715150080.0,1.3893274220973617,16.44%,0.030865036847687162,0.086373228821224,0.07241178186060075,-0.14200149737958573,1.0,38.83%,-36.69%,95.3,
2026-08-14,ANIP,"ANI Pharmaceuticals, Inc.",Health Care,70.57,83.9,69.4,1.76B,1851348864.0,0.3075526882681753,7.52%,0.05438645576817736,0.2346343418243401,0.12137934041226374,2.2836615389490027,0.0,21.77%,-10.26%,80.4,
2026-08-14,HE,"Hawaiian Electric Industries, Inc.",Utilities,70.48,41.4,90.6,2.03B,4605295104.0,0.7926161258763321,16.02%,0.014152494951461293,0.18701277918012138,-0.0009558394771892833,1.4194423555482898,0.0,14.26%,-17.86%,86.6,
2026-08-14,LCII,LCI Industries,Consumer Discretionary,70.32,56.6,79.5,2.58B,3534403840.0,0.5275669370373899,10.26%,0.05927291264101522,0.09995349364158372,0.09715832757288308,0.1979472567092141,0.0,28.9%,-20.89%,87.7,
2026-08-14,PCRX,"Pacira BioSciences, Inc.",Health Care,70.13,95.2,79.7,0.91B,1085084544.0,0.7658666126616438,10.26%,0.0055608391696846515,0.16864144403099623,-0.18577150154874492,3.2071227419465624,0.0,47.4%,11.38%,52.2,
2026-08-14,HCI,"HCI Group, Inc.",Financials,70.09,87.8,94.1,2.29B,1612139520.0,0.4540031664452865,18.46%,0.1182338919890167,,0.133940121414412,,,60.23%,5.92%,61.5,金融・不動産セクター特化評価
2026-08-14,RDN,"Radian Group, Inc.",Financials,69.43,30.7,61.4,4.98B,5510679552.0,0.9608579492730414,6.2%,0.0717325193535849,,-0.06526678355055823,,,60.31%,14.82%,45.5,金融・不動産セクター特化評価
2026-08-14,QDEL,QuidelOrtho,Health Care,69.0,49.8,89.3,0.98B,3986903296.0,1.958437663690921,14.97%,-0.19617631255091605,-0.17676360706175373,-0.10185877078273865,0.6760639011947912,0.0,17.07%,-59.58%,99.8,
2026-08-14,LRN,"Stride, Inc.",Consumer Discretionary,68.8,64.1,62.9,3.46B,3031724032.0,0.47116832668608793,6.49%,0.1388564070896454,0.2301363617770834,0.06172429411336471,0.13987238194149396,0.0,20.58%,19.44%,39.1,
2026-08-14,DXC,DXC Technology,Information Technology,68.73,46.6,99.4,1.72B,4277521408.0,1.7059045676080293,50.87%,0.0013964313421256788,0.13571654539702627,-0.023854600530102233,-0.22282608695652173,1.0,37.15%,-27.29%,91.7,要確認: FCF異常値(>30%)
2026-08-14,CENTA,Central Garden & Pet Company (Class A),Consumer Staples,68.68,68.1,88.9,2.37B,2827310592.0,0.6682909683196546,14.45%,0.044914240039628836,0.11483977317178555,0.02031947079997715,0.23587232037529363,0.0,80.11%,25.58%,31.2,
2026-08-14,SBH,"Sally Beauty Holdings, Inc.",Consumer Discretionary,68.21,66.9,83.9,1.54B,2890820608.0,0.5166320111250773,11.51%,0.06822412068422651,0.11555849856703798,0.027998506211646037,0.089841032840643,0.0,76.49%,3.34%,66.0,
2026-08-14,FBRT,"Franklin BSP Realty Trust, Inc.",Real Estate,68.2,34.7,99.2,0.67B,5144517120.0,2.1509706386128915,43.51%,0.013582236163275413,0.18885267236062347,0.009140365181446179,-0.18721920126450703,1.0,16.13%,-17.35%,86.2,金融・不動産セクター特化評価
2026-08-14,FLO,Flowers Foods,Consumer Staples,68.12,68.7,89.9,1.59B,2806433536.0,0.8176489451449351,15.05%,0.020035321441128184,0.06832710641476927,0.23038559342345286,-0.3162516824328312,1.0,7.67%,-29.25%,92.3,
2026-08-14,CRC,California Resources Corporation,Energy,67.73,25.9,66.2,4.73B,5976249344.0,0.775925805780153,7.08%,0.04903417533432392,0.3288275051425213,0.037561317449194116,0.12916246215943492,0.0,35.03%,14.42%,47.0,
2026-08-14,CERT,"Certara, Inc.",Health Care,67.4,91.0,52.4,1.22B,1360269056.0,0.8709219486107874,5.13%,-0.0010246809997802879,0.24476289161919407,-0.011759223517939133,0.4165733946855698,0.0,37.65%,-15.97%,85.0,
2026-08-14,CRGY,Crescent Energy Company,Energy,67.18,11.4,89.1,4.03B,8846240768.0,1.2795838674174869,14.92%,0.010681008521356271,0.4656719319779808,0.3583324718587078,0.6720401850373324,0.0,68.38%,48.27%,15.0,
2026-08-14,OMCL,Omnicell,Health Care,67.13,87.6,73.4,1.7B,1624775296.0,0.723985283915049,8.4%,0.0010391346621293146,0.0774734247939604,-0.06894990947495473,0.018891799493850732,0.0,31.77%,-26.83%,91.5,
2026-08-14,LNN,Lindsay Corporation,Materials,66.9,94.0,40.7,1.17B,1148324480.0,0.45537533955779846,3.53%,0.0880694927429368,0.17344404229650132,0.10602552904902714,0.13362452166518496,0.0,35.09%,-8.39%,79.1,
2026-08-14,SCHL,Scholastic Corporation,Consumer Discretionary,66.84,95.6,67.9,0.78B,1069094464.0,0.9607454065825423,7.26%,0.03281060123835426,0.115683671534231,-0.11384031588123686,0.7378917378917379,0.0,73.84%,21.09%,37.0,
2026-08-14,MRP,"Millrose Properties, Inc.",Real Estate,66.69,15.5,1.3,5.04B,7478850560.0,1.1628258162062048,-27.4%,0.041030417989336265,0.819645239241183,0.6939827529737672,2.998874994415586,0.0,41.55%,4.74%,64.2,金融・不動産セクター特化評価
2026-08-14,KSS,Kohl's Corp.,Consumer Discretionary,66.43,12.5,99.0,2.18B,8328907776.0,1.858232790942847,37.05%,0.020356234096692113,0.08527081857409674,-0.014529095066007818,0.12585034013605442,0.0,56.58%,1.52%,68.4,要確認: FCF異常値(>30%)
2026-08-14,GPOR,Gulfport Energy Corporation,Energy,66.12,51.2,38.2,3.06B,3928320512.0,0.6004880731742671,3.34%,0.14121285739749267,0.6773462120530975,0.05717387427910208,13.000156167036263,0.0,27.22%,-4.42%,75.5,
2026-08-14,CXM,"Sprinklr, Inc.",Information Technology,65.87,93.0,72.3,1.61B,1247646208.0,0.3672262492866686,8.07%,0.019007336558066357,0.08876341577228185,0.01761697147185566,0.6733670552012316,0.0,52.66%,-1.01%,71.1,
2026-08-14,NMIH,"NMI Holdings, Inc.",Financials,65.76,54.2,76.5,3.44B,3682782208.0,0.7538770757884722,9.59%,0.1012538602243421,,0.14660565920979066,,,91.34%,21.5%,36.4,金融・不動産セクター特化評価
2026-08-14,ADT,ADT Inc.,Consumer Discretionary,65.54,3.6,95.8,5.47B,13146351616.0,0.6905495388116455,21.88%,0.03767427920364944,0.518720190492272,-0.014481753330969611,0.022844041882473624,0.0,46.38%,-8.02%,78.5,
2026-08-14,INVX,"Innovex International, Inc.",Energy,65.52,81.3,72.1,2.18B,1997318784.0,0.4849185200410316,7.98%,0.06567652784381069,0.20889424084411873,0.0591440546546381,0.10599893919877033,0.0,86.19%,28.51%,28.3,
2026-08-14,NTCT,"NETSCOUT Systems, Inc.",Information Technology,65.28,75.5,71.3,2.88B,2298503424.0,0.5718061807827658,7.85%,0.040573501911432365,0.2056424683704836,0.07680448627947414,1.599447851096158,0.0,75.65%,41.93%,18.4,
2026-08-14,PGNY,"Progyny, Inc.",Health Care,65.25,85.5,78.4,2.02B,1772026752.0,0.2559259135355538,9.97%,0.07882171503229239,0.07001453446639574,0.22291641272800947,0.27743168625230075,0.0,60.01%,8.1%,56.5,
2026-08-14,EPAC,Enerpac Tool Group,Industrials,65.19,82.3,54.3,1.9B,1956603520.0,0.22777991091920718,5.41%,0.11203369623381533,0.23717658806384836,0.06501631229030731,0.10577548028235009,0.0,36.28%,-10.77%,80.8,
2026-08-14,KOP,"Koppers Holdings, Inc.",Materials,65.17,84.5,93.7,0.89B,1836192640.0,0.6438649283193028,18.27%,0.029679881280474878,0.11754376629596126,-0.0017987514548725003,0.03708920187793427,0.0,79.07%,61.95%,9.3,
2026-08-14,EPAM,EPAM Systems,Information Technology,65.06,41.6,85.3,5.18B,4602085888.0,0.7092741854846355,12.54%,0.07704355815505731,0.12572420000820955,0.031925873486703324,0.02143256988363645,1.0,18.36%,-53.31%,99.0,
2026-08-14,MBGL,"Mobility Global, Inc.",Industrials,64.98,14.7,70.4,6.0B,7668306944.0,1.9135704899533807,7.68%,0.010773374374759523,0.364,-0.01961523953225198,0.047697368421052634,0.0,32.05%,-3.14%,73.7,
2026-08-14,ADNT,Adient,Consumer Discretionary,64.64,55.6,96.0,1.57B,3625251584.0,1.1239563982105167,22.56%,-0.0313826222917132,0.030134158926728587,-0.04245535236873062,-0.3323170731707317,1.0,28.01%,-12.94%,82.2,
2026-08-14,CENT,Central Garden & Pet Company,Consumer Staples,64.59,61.2,85.1,2.74B,3194728960.0,0.5784315657925342,12.51%,0.044914240039628836,0.11483977317178555,0.02031947079997715,0.23587232037529363,0.0,82.2%,31.56%,26.1,
2026-08-14,ROCK,"Gibraltar Industries, Inc.",Industrials,64.2,68.5,95.6,1.42B,2806563584.0,0.6686988286713444,21.64%,-0.03185125175534209,0.13439001815057847,-0.018181497946329814,-0.07399541245433693,1.0,34.49%,-17.82%,86.4,
2026-08-14,CSR,Centerspace Trust,Real Estate,63.89,80.5,82.0,0.99B,2038048896.0,0.733830579920228,10.75%,0.009130568637091177,0.6668518098968801,0.006510923563534021,0.3958817770162771,0.0,12.85%,-11.23%,81.6,金融・不動産セクター特化評価
2026-08-14,ABR,Arbor Realty Trust,Financials,63.8,3.8,50.0,1.03B,12571035648.0,2.862089972097406,,0.010265401569089493,,0.07441430686174712,,,4.59%,-33.83%,94.3,金融・不動産セクター特化評価
2026-08-14,HAYW,"Hayward Holdings, Inc.",Industrials,63.77,53.0,51.8,3.22B,3769401344.0,0.49537947671034316,5.1%,0.04810243403330515,0.2687792684611306,0.05362091657125737,0.125170205066795,0.0,46.46%,-9.44%,79.8,
2026-08-14,HLX,"Helix Energy Solutions Group, Inc.",Energy,63.58,89.6,94.5,1.54B,1449674368.0,1.0277862688349853,19.27%,0.011784453863750351,0.16259793073650727,0.007248140219015202,-0.17054355425470144,1.0,93.77%,44.86%,16.6,
2026-08-14,SAFE,"Safehold, Inc.",Real Estate,63.3,26.3,1.0,1.08B,5932758016.0,2.230024369463142,-29.37%,0.015790406626869584,0.8691564302610283,0.05071412948904532,0.04602961053068589,1.0,53.09%,3.72%,65.6,金融・不動産セクター特化評価
2026-08-14,JBGS,JBG Smith,Real Estate,63.14,54.0,97.1,0.89B,3698516736.0,1.305643637885569,28.14%,-0.031690279661938145,0.3069988247044713,-0.125952387591773,-0.009781279717429698,0.0,5.25%,-31.74%,92.9,金融・不動産セクター特化評価
2026-08-14,CLSK,"CleanSpark, Inc.",Information Technology,63.12,42.4,24.1,3.1B,4542827520.0,0.700542375068722,1.57%,0.11448060406498115,0.9959951142743053,0.6220984560764921,51.16629075251179,0.0,26.2%,-5.03%,76.1,
2026-08-14,LGIH,LGI Homes,Consumer Discretionary,62.87,66.7,89.5,1.39B,2892590848.0,1.50889191221975,14.99%,0.0184740334310949,0.04930976415182843,0.04488664995447693,-0.6093080732529942,1.0,73.02%,10.19%,53.6,
2026-08-14,APOG,"Apogee Enterprises, Inc.",Industrials,62.83,94.2,84.1,0.89B,1143656320.0,0.5759736053253482,11.54%,0.0482302678766333,0.10068105469153213,-0.04503139281304961,-0.13414268309854843,1.0,58.77%,18.57%,40.9,
2026-08-14,GIII,"G-III Apparel Group, Ltd.",Consumer Discretionary,62.76,91.4,74.8,1.43B,1325386368.0,1.2307709152391597,8.98%,0.0257976421201002,0.04741035883520256,0.05137896791039427,-0.5565547454490819,1.0,71.85%,11.23%,52.4,
2026-08-14,FG,"F&G Annuities & Life, Inc.",Financials,62.62,60.2,99.8,3.59B,3299171584.0,1.3380708662652516,63.33%,0.002692268617291476,,0.1589407872272786,,,45.5%,0.85%,69.0,金融・不動産セクター特化評価
2026-08-14,PRGO,Perrigo,Health Care,62.37,38.6,96.4,1.81B,4857109504.0,1.6222256454410047,24.16%,-0.16700253069641016,-0.18760433566104723,-0.11531245789151819,-2.8427251732101615,1.0,24.77%,-9.83%,80.0,
2026-08-14,FCPT,"Four Corners Property Trust, Inc.",Real Estate,62.3,71.7,65.2,2.77B,2560386816.0,0.5883115255117544,6.86%,0.03847125680395901,0.7652618552214652,0.10090364738227217,0.09987881630897932,1.0,59.56%,4.79%,64.0,金融・不動産セクター特化評価
2026-08-14,CRI,"Carter's, Inc.",Consumer Discretionary,62.29,81.5,92.9,1.42B,1968431872.0,0.6507744526090365,17.36%,0.03578135780188425,0.07014979854583142,0.05437481274404922,-0.36474352164866,1.0,71.01%,6.87%,59.7,
2026-08-14,CNXC,Concentrix,Industrials,62.29,20.5,99.6,1.49B,6766221312.0,1.836493702271621,51.9%,-0.11884711264272026,-0.023554385706729783,-0.1026025402457987,-1.1744154061918073,1.0,13.86%,-39.6%,96.4,要確認: FCF異常値(>30%)
2026-08-14,HSTM,"HealthStream, Inc.",Health Care,62.21,98.0,58.1,0.85B,795241472.0,0.4183658464569088,5.95%,0.03524772567422661,0.20954141233424542,0.018810962358496847,0.01893491124260355,0.0,81.31%,31.72%,25.9,
2026-08-14,LMAT,LeMaitre Vascular,Health Care,62.1,87.1,32.9,1.88B,1687692288.0,0.20887601734142927,2.61%,0.0937712160340431,0.3637230470909688,0.115750330272536,0.36135436660268716,0.0,9.48%,-4.31%,75.3,
2026-08-14,EIG,"Employers Holdings, Inc.",Financials,62.06,97.4,27.0,0.88B,864684544.0,1.0919597321904602,2.1%,0.0031426409823662924,,-0.029565413831078982,,,77.11%,8.89%,54.9,金融・不動産セクター特化評価
2026-08-14,ADUS,Addus HomeCare Corp.,Health Care,62.02,78.1,54.9,2.17B,2160363264.0,0.5010091578958316,5.53%,0.06672891266172595,0.11069643522456468,0.01746666156980506,0.3055507192306098,0.0,77.03%,5.7%,62.1,
2026-08-14,LTC,"LTC Properties, Inc.",Real Estate,61.7,77.7,84.5,2.17B,2179206400.0,0.4958225932717524,11.81%,0.05721075041463391,0.7503747327413698,0.15447707964988225,0.14953200219137205,1.0,70.3%,14.52%,46.6,金融・不動産セクター特化評価
2026-08-14,GT,Goodyear Tire and Rubber Company,Consumer Discretionary,61.62,9.4,97.5,1.76B,9293213696.0,1.8379119933561658,29.9%,-0.0945188927943761,0.07423413566739606,-0.129678313656135,-0.2022339800117578,1.0,13.1%,-34.44%,94.9,
2026-08-14,LNC,Lincoln Financial,Financials,61.6,99.8,96.2,8.7B,-28653264896.0,1.2531030075251663,23.78%,0.0028211618297044132,,0.06747929411945316,,,85.73%,12.2%,51.2,金融・不動産セクター特化評価
2026-08-14,SCSC,"ScanSource, Inc.",Information Technology,61.46,96.2,78.2,1.08B,1055940608.0,0.8384434089323041,9.91%,0.04006930980294645,0.043608117573935894,0.0036952679884341595,-0.05875171243815703,1.0,75.19%,26.52%,30.0,
2026-08-14,ITRI,"Itron, Inc.",Information Technology,61.32,32.9,64.2,4.45B,5375808512.0,0.3860136485317563,6.64%,0.08091338554742418,0.17498988253603212,0.0918775345746874,0.1629705744454458,0.0,37.04%,0.64%,69.4,
2026-08-14,LZ,"LegalZoom.com, Inc.",Industrials,61.11,97.6,86.4,0.96B,841244928.0,0.17857717546110027,12.96%,0.030159015643510933,0.10732458339009818,0.3681338814548936,0.0068744726261974485,1.0,5.57%,-39.05%,96.2,
2026-08-14,MD,Pediatrix Medical Group,Health Care,61.09,75.1,68.6,2.16B,2307407872.0,0.4004597957446083,7.44%,0.07361387566453138,0.14328403128982484,0.04366423561109305,10.665303820668264,0.0,89.23%,17.38%,42.9,
2026-08-14,FHB,"First Hawaiian, Inc.",Financials,61.09,74.1,75.1,3.37B,2371014400.0,0.8228232747178641,9.01%,0.011532585839631326,,0.005332592250203183,,,63.2%,4.93%,63.2,金融・不動産セクター特化評価
2026-08-14,SMPL,Simply Good Foods Company,Consumer Staples,61.06,91.8,50.0,1.0B,1313568896.0,,,,,,,,7.01%,,50.0,
2026-08-14,PBH,Prestige Consumer Healthcare,Health Care,61.05,44.6,59.3,2.43B,4409571328.0,0.7754847970212065,6.08%,0.054460204337733915,0.30413013626280766,0.02706910609490632,-0.08532185616336183,1.0,30.79%,-21.69%,88.1,
2026-08-14,FMC,FMC Corporation,Materials,61.05,34.5,86.6,1.27B,5222704640.0,1.6297518292117388,13.03%,-0.23111941531092575,-0.42492934186998904,-0.1687161576549132,-3.216972615106831,1.0,0.65%,-33.66%,94.1,
2026-08-14,PMT,PennyMac Mortgage Investment Trust,Real Estate,60.79,1.0,50.0,0.82B,24059187200.0,2.29027716002511,,0.005990195664172407,,0.4815266547877374,,,8.4%,-24.54%,90.3,金融・不動産セクター特化評価
2026-08-14,EZPW,"EZCORP, Inc.",Financials,60.75,76.5,13.8,1.81B,2264305664.0,0.5659518234981716,-0.61%,0.05617696515339976,0.15878770756819538,0.30669746329618136,0.24699559970911242,1.0,64.81%,36.91%,21.5,金融・不動産セクター特化評価
2026-08-14,BFAM,Bright Horizons Family Solutions Inc.,Consumer Discretionary,60.48,31.1,62.3,3.75B,5452547072.0,0.35701269406522634,6.4%,0.0496492829730952,0.13910077253019917,0.010202790989525803,0.18439238746491668,0.0,20.53%,-26.49%,91.3,
2026-08-14,ASTE,"Astec Industries, Inc.",Industrials,60.42,92.4,14.7,1.0B,1289694080.0,0.6840682991772155,-0.11%,0.028379169104739616,0.07650311968235961,0.3100804906094289,1.0992217898832686,0.0,11.14%,-11.04%,81.2,
2026-08-14,LZB,"La-Z-Boy, Inc.",Consumer Discretionary,60.39,82.5,81.3,1.67B,1932719616.0,0.6270626718180518,10.61%,0.049935490504740894,0.12752776099330632,0.06251970437455323,-0.0003870111680365633,1.0,80.78%,7.94%,57.3,
2026-08-14,ENR,Energizer,Consumer Staples,60.37,39.4,89.7,1.56B,4810124288.0,0.10901811613902805,15.05%,0.0524502381109136,0.19138415687337013,0.049350589535740605,0.7124242424242424,0.0,48.21%,10.62%,53.0,
2026-08-14,MCRI,"Monarch Casino & Resort, Inc.",Consumer Discretionary,60.34,79.9,57.7,2.22B,2075236352.0,0.24177696256467554,5.93%,0.14223489126028094,0.3329823434991974,0.0307497437039372,0.26174389345344845,0.0,75.21%,35.38%,22.5,
2026-08-14,RAMP,"LiveRamp Holdings, Inc.",Information Technology,60.3,81.7,68.1,2.3B,1967440768.0,0.42239937582833786,7.36%,0.11277591859536988,0.13715034319876004,0.027637606392397474,1.7725419008305565,0.0,97.7%,47.74%,15.2,
2026-08-14,AMTM,Amentum,Industrials,60.11,11.8,75.5,5.25B,8758454272.0,0.8581684056969685,9.22%,0.005759162303664921,0.06857500173695547,-0.04292634040420912,0.7438162544169611,0.0,9.11%,-37.91%,95.7,
2026-08-14,EPC,Edgewell Personal Care,Consumer Staples,60.06,77.5,94.3,1.31B,2194251520.0,1.1857109666789796,18.46%,0.0067619732183265445,0.0834720035979312,0.006808008791444424,-0.3496846531184303,1.0,89.24%,51.83%,12.8,
2026-08-14,SBSI,"Southside Bancshares, Inc.",Financials,59.95,76.9,69.0,0.98B,2238297600.0,0.8612339613355957,7.47%,0.008129575234979019,,-0.0003355465158108391,,,68.42%,4.5%,64.8,金融・不動産セクター特化評価
2026-08-14,COTY,Coty,Consumer Staples,59.84,25.1,90.8,2.51B,5999482880.0,1.468559832839339,16.06%,-0.030895974873401243,0.05128205128205128,-0.0144672046348024,-0.6554947560419516,1.0,31.6%,-10.09%,80.2,
2026-08-14,NHI,"National Health Investors, Inc.",Real Estate,59.77,37.3,50.3,3.58B,4921980416.0,0.42470287682980107,4.8%,0.05083401653338158,0.7338963016601532,0.06981258589542189,0.04341375159915519,1.0,21.37%,-7.18%,77.7,金融・不動産セクター特化評価
2026-08-14,MATW,Matthews International Corporation,Consumer Discretionary,59.74,92.0,42.1,0.73B,1312827008.0,0.662950659009969,3.65%,-0.014441922473593077,0.10072184545656675,-0.07654300802772918,0.994130633072032,0.0,14.48%,-16.55%,85.8,
2026-08-14,GVA,"Granite Construction, Inc.",Industrials,59.73,24.3,92.5,5.56B,6144972800.0,0.2119648523526541,17.24%,0.04788689341213127,0.11266733704323251,0.3320728900023301,0.41730852887740216,0.0,46.04%,5.26%,62.6,
2026-08-14,LKQ,LKQ Corporation,Consumer Discretionary,59.69,6.4,83.2,6.43B,11411652608.0,1.016433208228095,11.26%,0.040100416198718375,0.10563328693868582,0.01216984286191909,-0.08152866242038216,1.0,26.63%,-23.46%,89.7,
2026-08-14,PRG,"PROG Holdings, Inc.",Financials,59.54,72.3,100.0,1.7B,2505860352.0,0.4396833290883417,90.47%,0.09114957203391935,0.7589729136738276,0.06384139699174311,-0.011778979965735842,1.0,76.7%,33.91%,24.5,金融・不動産セクター特化評価
2026-08-14,PRGS,Progress Software Corporation,Information Technology,59.47,63.7,92.2,1.79B,3058288896.0,0.26671315850738325,17.16%,0.02975719160273724,0.31109874814768607,-0.027427357550517104,0.32653933368219085,0.0,84.54%,6.87%,59.9,
2026-08-14,PIPR,Piper Sandler Companies,Financials,59.44,35.9,79.2,5.41B,5050958336.0,0.25359539838017037,10.21%,0.10851115038458779,,0.14925512071264432,,,29.59%,-16.52%,85.6,金融・不動産セクター特化評価
2026-08-14,IVT,InvenTrust Properties,Real Estate,59.42,55.4,46.8,2.62B,3629441024.0,0.6842021968295384,4.47%,0.03995521842671374,0.9173310068890828,0.05792864052808285,0.6662234526975338,0.0,65.51%,19.08%,39.7,金融・不動産セクター特化評価
2026-08-14,ENOV,Enovis,Health Care,59.37,67.9,84.9,1.5B,2838382336.0,0.9912021014723517,12.35%,-0.3088712472328611,-0.36930556228978995,-0.1873451532038916,-0.7259223995276782,1.0,45.71%,7.42%,58.9,
2026-08-14,MTX,Minerals Technologies,Materials,59.37,66.5,92.7,2.27B,2915528704.0,0.754211257892323,17.29%,-0.005304122225425195,0.06354337547042362,0.02212793541353605,-0.6487063216857829,1.0,62.63%,8.24%,56.1,
2026-08-14,BANF,Bancfirst Corp,Financials,59.35,99.4,59.5,3.89B,-427179168.0,0.4770537153892509,6.1%,0.01621482141558673,,0.09477270483773653,,,38.19%,2.15%,68.0,金融・不動産セクター特化評価
2026-08-14,ABM,"ABM Industries, Inc.",Industrials,59.25,40.4,78.6,2.82B,4693413888.0,0.6333037700777724,10.07%,0.03081886326975994,0.048239746624132454,0.033802872165110256,0.29735547355473557,0.0,84.88%,8.37%,55.7,
2026-08-14,ACT,"Enact Holdings, Inc.",Financials,59.23,17.5,69.8,6.87B,7091600384.0,0.7799639695449532,7.6%,0.09780914274473827,,0.05703185340988182,,,97.95%,30.56%,26.7,金融・不動産セクター特化評価
2026-08-14,BANC,"Banc Of California, Inc.",Financials,59.15,50.6,69.2,3.13B,3959474688.0,1.1323180792586696,7.51%,0.006580167588180763,,0.037402232558317025,,,66.82%,-4.16%,74.9,金融・不動産セクター特化評価
2026-08-14,SNEX,StoneX Group Inc.,Financials,59.11,99.6,50.0,8.09B,-6953314304.0,,,,,,,,52.66%,,50.0,金融・不動産セクター特化評価
2026-08-14,DAN,Dana Incorporated,Consumer Discretionary,59.1,43.2,94.8,3.26B,4497800704.0,0.25727787657248236,19.33%,0.010886270491803279,0.06746666666666666,0.043013625434143735,1.7058823529411764,0.0,57.79%,10.77%,52.8,
2026-08-14,BXMT,"Blackstone Mortgage Trust, Inc.",Financials,58.96,2.0,50.0,2.44B,17818531840.0,1.4336792722541725,,0.005477643143165012,,0.010150058415949334,,,10.81%,-21.78%,88.3,金融・不動産セクター特化評価
2026-08-14,FUL,H.B. Fuller Company,Materials,58.9,33.3,63.1,3.38B,5333873664.0,0.5935179256731097,6.5%,0.029321941086374568,0.15174046209842326,0.05056753730405388,0.07459168965355548,0.0,70.48%,0.03%,70.2,
2026-08-14,GBX,"The Greenbrier Companies, Inc.",Industrials,58.77,62.0,3.1,1.41B,3170825472.0,1.0900496495316467,-11.71%,0.04680548548364904,0.149743842972656,0.0249383006228699,0.12003693444136658,0.0,34.4%,-5.72%,76.9,
2026-08-14,HRMY,"Harmony Biosciences Holdings, Inc.",Health Care,58.77,86.3,72.7,2.22B,1734501120.0,0.391995152831091,8.24%,0.12479013172846526,0.2936808324687692,0.27264911929543634,0.0926944630096139,1.0,82.08%,4.7%,64.4,
2026-08-14,RITM,Rithm Capital,Financials,58.75,0.4,50.0,5.79B,43244638208.0,1.457276763268433,,0.012842175939653462,,0.15231982344355813,,,44.78%,-3.72%,74.5,金融・不動産セクター特化評価
2026-08-14,DFIN,"Donnelley Financial Solutions, Inc.",Financials,58.54,90.4,82.4,1.2B,1406326656.0,0.3148356287020419,11.03%,0.04047976011994003,0.160625814863103,-0.04895437262357415,-0.41249403910348115,1.0,59.16%,-11.22%,81.4,金融・不動産セクター特化評価
2026-08-14,SMP,"Standard Motor Products, Inc.",Consumer Discretionary,58.44,89.2,50.0,0.87B,1504113792.0,,,,,,,,39.81%,,50.0,
2026-08-14,HAFC,Hanmi Financial Corporation,Financials,58.21,98.2,95.4,0.96B,791494464.0,0.8279974316739979,21.18%,0.009669235124094807,,0.024910376175854804,,,90.05%,15.62%,44.5,金融・不動産セクター特化評価
2026-08-14,BLKB,Blackbaud,Information Technology,58.11,61.6,80.3,2.05B,3188995072.0,0.041410937468450294,10.41%,0.04809087950635007,0.2534357233696543,-0.042194711538461535,3.1157269371055687,0.0,43.59%,-20.52%,87.4,
2026-08-14,SCL,Stepan Company,Materials,58.11,79.7,42.8,1.48B,2077624192.0,0.8397078436354956,3.75%,0.019890130304847688,0.09097925744624834,0.02302043522481524,0.10449190790261373,0.0,89.19%,27.48%,29.1,
2026-08-14,OI,"O-I Glass, Inc.",Materials,58.02,27.7,64.4,1.04B,5854032896.0,1.240236216424908,6.67%,-0.013956507627393703,0.11998132586367881,0.06806101224867113,-0.10244470314318975,1.0,1.75%,-57.05%,99.2,
2026-08-14,ALG,Alamo Group,Industrials,57.81,80.1,48.0,2.01B,2074789504.0,0.5722464388280984,4.55%,0.06460846898076454,0.13079630732393224,0.10779787889088926,-0.060467616232195646,1.0,23.58%,-14.07%,83.2,
2026-08-14,SHEN,Shenandoah Telecommunications Co,Communication Services,57.7,88.6,50.0,0.73B,1518001664.0,,,,,,,,46.87%,14.1%,47.4,
2026-08-14,NAVI,Navient,Financials,57.69,0.0,50.0,0.86B,44498563072.0,2.789542357099524,,-0.001643351615620057,,-0.060012744019000176,,,28.13%,-23.73%,89.9,金融・不動産セクター特化評価
2026-08-14,LYFT,"Lyft, Inc.",Industrials,57.68,25.7,93.1,6.62B,5982124544.0,0.49472276414096966,17.43%,0.31494920350965827,0.016265160670212962,0.6614422006417949,-0.4943222929371982,1.0,38.38%,-7.42%,78.1,
2026-08-14,DV,DoubleVerify Holdings Inc.,Communication Services,57.64,82.1,71.9,2.04B,1962981120.0,0.5546998415139948,7.95%,0.03740541562475537,0.18845743166762663,0.06101817099066768,0.04364911969094825,1.0,64.2%,25.85%,30.4,
2026-08-14,BKE,"The Buckle, Inc.",Consumer Discretionary,57.43,73.9,66.5,2.27B,2389642240.0,0.18686466112030362,7.14%,0.21158927002387823,0.22103117884785045,0.08553253326587623,0.08513109166770692,1.0,16.13%,-15.48%,84.4,
2026-08-14,NBHC,National Bank Holdings Corporation,Financials,57.23,83.1,65.0,1.94B,1880133248.0,0.7144157913625511,6.83%,0.011086538214429316,,0.00773117592485817,,,69.31%,8.36%,55.9,金融・不動産セクター特化評価
2026-08-14,SONO,"Sonos, Inc.",Consumer Discretionary,57.09,85.9,50.0,1.93B,1758294144.0,,,,,,,,52.44%,,50.0,
2026-08-14,AMN,"Amn Healthcare Services, Inc.",Health Care,57.04,86.1,98.1,1.34B,1749771392.0,0.48055182646365635,33.36%,-0.045700625612731346,0.037037403279850896,-0.13313590484355228,0.42221472168312096,0.0,87.78%,77.29%,5.3,要確認: FCF異常値(>30%)
2026-08-14,EVTC,"EVERTEC, Inc.",Financials,57.01,63.9,70.6,1.95B,3053022208.0,0.3195335775966438,7.79%,0.06311694934596238,0.3699638770661224,0.20762420119174574,0.06993684145187071,1.0,62.68%,5.39%,62.3,金融・不動産セクター特化評価
2026-08-14,GTY,Getty Realty Corp.,Real Estate,56.98,71.3,53.5,2.05B,2570386688.0,0.521735814713447,5.29%,0.03643745559886775,0.8525935046250569,0.10117546917433425,0.10708784998565213,0.0,68.09%,13.36%,48.8,金融・不動産セクター特化評価
2026-08-14,MLKN,"MillerKnoll, Inc.",Industrials,56.97,59.8,51.6,1.62B,3314164480.0,0.8270415263205245,5.07%,0.022872140982377203,0.09016841502459849,0.012733532479368133,0.7736815156169995,0.0,91.96%,24.74%,32.2,
2026-08-14,APAM,"Artisan Partners Asset Management, Inc.",Financials,56.86,63.3,77.4,2.99B,3125736704.0,0.14653932336431244,9.72%,0.1840623042531123,0.4237194657254021,-0.02561473131219282,0.10464812297396214,0.0,60.4%,0.57%,69.6,金融・不動産セクター特化評価
2026-08-14,MPT,Medical Properties Trust,Real Estate,56.84,5.0,50.0,2.5B,11815993344.0,1.845211913208034,,-0.018467747983155328,0.8359810786175621,0.049471919244436044,-0.03331330783552127,1.0,7.66%,-15.89%,84.8,金融・不動産セクター特化評価
2026-08-14,CPB,The Campbell's Company,Consumer Staples,56.7,3.2,74.0,6.91B,13878241280.0,0.5647347494778991,8.73%,0.040413533834586464,0.15361357651419097,-0.02225139481457171,0.11150317572335922,0.0,24.71%,-10.86%,81.0,
2026-08-14,SHO,"Sunstone Hotel Investors, Inc.",Real Estate,56.56,62.2,7.1,2.03B,3146781440.0,0.9559495673874202,-5.55%,0.00811091431014475,0.2171173366828937,-0.02498970752636531,-0.027192503511645597,1.0,66.57%,21.45%,36.8,金融・不動産セクター特化評価
2026-08-14,PFBC,Preferred Bank,Financials,56.43,97.2,86.8,1.28B,870540032.0,0.6172846475617474,13.04%,0.01758046299481724,,0.09789022173839004,,,85.83%,12.69%,50.2,金融・不動産セクター特化評価
2026-08-14,CASH,"Pathward Financial, Inc.",Financials,56.36,83.5,87.0,1.8B,1863815680.0,0.4765785417477437,13.14%,0.025915098327687573,,-0.04775254755797816,,,58.77%,13.34%,49.2,金融・不動産セクター特化評価
2026-08-14,CNMD,CONMED Corporation,Health Care,56.31,75.7,73.8,1.51B,2289092096.0,0.6842415990597885,8.7%,0.020232191865932222,0.12837849633817405,0.008456162761404134,-0.35159433175473853,1.0,75.28%,18.47%,41.1,
2026-08-14,FIBK,"First Interstate BancSystem, Inc.",Financials,56.25,58.8,68.8,3.73B,3337931008.0,0.9233658959883624,7.44%,0.01133983468840792,,-0.08569055578054321,,,87.57%,9.1%,54.3,金融・不動産セクター特化評価
2026-08-14,DEA,"Easterly Government Properties, Inc.",Real Estate,56.21,66.1,80.7,1.21B,2926443776.0,1.0891283912091048,10.49%,0.003847303218858088,0.6007396630159566,0.048617917507867495,0.12581407797305735,0.0,78.33%,14.79%,45.7,金融・不動産セクター特化評価
2026-08-14,MWA,Mueller Water Products,Industrials,56.18,50.8,37.5,3.99B,3940366080.0,0.2461974375668377,3.23%,0.10424710424710425,0.22389312443169895,0.12409071459135644,0.2798880447820872,0.0,33.9%,-2.37%,72.3,
2026-08-14,ABG,Asbury Automotive Group,Consumer Discretionary,56.17,9.6,76.3,3.78B,9260514304.0,1.029152956473612,9.54%,0.04234735156908988,0.05685315850880605,0.12394311695849859,0.1131295550962689,1.0,42.3%,-15.23%,84.2,
2026-08-14,APLE,"Apple Hospitality REIT, Inc.",Real Estate,56.12,33.1,76.1,3.79B,5341138432.0,0.8299209923660517,9.51%,0.03577267084140968,0.31891494251571456,-0.013630400489343893,-0.06812906269007493,1.0,81.18%,34.71%,23.5,金融・不動産セクター特化評価
2026-08-14,AAT,American Assets Trust,Real Estate,56.03,65.9,55.3,1.77B,2936018688.0,0.6515317613803366,5.55%,0.024431104763808692,0.6363352926612319,-0.1075617903900115,0.014176519591365476,0.0,61.21%,25.78%,30.6,金融・不動産セクター特化評価
2026-08-14,PTON,"Peloton Interactive, Inc.",Consumer Discretionary,56.0,65.5,88.7,2.47B,2943727104.0,-0.056539287534458776,14.32%,0.030740794785738604,0.09979558462796402,-0.03265421352279678,1.2476979742173113,0.0,35.68%,-15.97%,85.2,
2026-08-14,DBD,Diebold Nixdorf,Information Technology,55.95,60.0,85.5,2.48B,3301201408.0,0.44348343544895263,12.58%,0.02454337899543379,0.0888929763249862,0.08773811203612247,0.01015228426395939,1.0,49.41%,4.09%,65.0,
2026-08-14,PLMR,"Palomar Holdings, Inc.",Financials,55.91,56.0,91.8,3.37B,3606747904.0,0.27937576311047796,16.89%,0.0645926357118907,,0.3486606077216186,,,58.53%,-1.69%,71.7,金融・不動産セクター特化評価
2026-08-14,PHIN,"PHINIA, Inc.",Consumer Discretionary,55.9,58.0,78.0,2.73B,3392959744.0,0.5814952173026009,9.87%,0.034058160859313596,0.12517944300890038,0.013004246284501062,-0.02242152466367713,1.0,65.56%,7.09%,59.5,
2026-08-14,ARR,Armour Residential REIT,Real Estate,55.85,1.2,50.0,2.37B,20246632448.0,0.9541926714156782,,0.015362273620494851,,0.5504304598635675,,,51.78%,-3.34%,73.9,金融・不動産セクター特化評価
2026-08-14,CUBI,"Customers Bancorp, Inc.",Financials,55.8,96.6,84.3,2.83B,1012959808.0,0.7482990716912955,11.8%,0.009001011734156045,,0.11599421935597701,,,96.81%,6.16%,61.1,金融・不動産セクター特化評価
2026-08-14,EGBN,Eagle Bancorp Inc,Financials,55.74,99.0,29.4,0.88B,475969728.0,1.2885676731239522,2.36%,-0.013151312783033728,,-0.05681338294558933,,,96.56%,26.9%,29.8,金融・不動産セクター特化評価
2026-08-14,HFWA,Heritage Financial Corporation,Financials,55.74,93.6,66.0,1.22B,1211020416.0,0.7572996299890338,7.04%,0.009692637803469038,,-0.019550037305042105,,,84.79%,19.45%,38.9,金融・不動産セクター特化評価
2026-08-14,MTH,Meritage Homes Corporation,Consumer Discretionary,55.69,27.1,60.8,4.76B,5898027520.0,1.090851771333105,6.17%,0.05943268732861935,0.10406501706732144,0.06417076686937552,-0.40720469582408736,1.0,55.03%,-5.28%,76.7,
2026-08-14,PLAB,"Photronics, Inc.",Information Technology,55.68,85.3,26.6,1.96B,1792512640.0,0.5973465260280695,1.99%,0.07559015236066485,0.35257990754673885,0.05401390956736888,-0.09411472860712622,1.0,36.91%,-2.63%,72.5,
2026-08-14,ALGT,Allegiant Travel Company,Industrials,55.6,48.4,73.0,2.34B,4147229184.0,0.4490535772593447,8.3%,-0.01061837539355362,0.12542953810339147,-0.049765082498222854,4.372122446967581,0.0,45.83%,-3.51%,74.1,
2026-08-14,LKFN,Lakeland Financial,Financials,55.54,89.8,64.6,1.55B,1441941376.0,0.49080693389531277,6.68%,0.01478693486229371,,0.04666525115245118,,,54.06%,7.83%,57.9,金融・不動産セクター特化評価
2026-08-14,AZTA,"Azenta, Inc.",Health Care,55.47,93.4,45.9,1.46B,1213712640.0,1.1809870695269287,4.33%,-0.027074911316956548,0.06657898592336747,-0.01937041278124427,-0.22301705840735792,1.0,67.64%,-16.36%,85.4,
2026-08-14,QNST,"QuinStreet, Inc.",Communication Services,55.46,94.6,79.9,1.18B,1132648320.0,0.20723315763129962,10.32%,0.010918403087864497,0.02792236706040261,0.1697508587801794,6.302830352491752,0.0,85.08%,40.51%,19.4,
2026-08-14,EPRT,"Essential Properties Realty Trust, Inc.",Real Estate,55.33,8.8,47.8,6.73B,9553640448.0,0.6236636354115626,4.53%,0.03686611570440606,0.9195340856243285,0.1835487788431923,0.2743134693595344,0.0,36.51%,3.83%,65.4,金融・不動産セクター特化評価
2026-08-14,EYE,National Vision Holdings,Consumer Discretionary,55.26,77.9,36.9,1.53B,2167067648.0,0.569797875076255,3.17%,0.014921776618987557,0.07986060796341915,-0.011999874487678126,0.7718068361947713,0.0,29.8%,-34.42%,94.7,
2026-08-14,SHAK,"Shake Shack, Inc.",Consumer Discretionary,55.25,54.8,50.0,3.21B,3647010048.0,,,,,,,,41.58%,-25.73%,90.9,
2026-08-14,HOPE,"Hope Bancorp, Inc.",Financials,55.09,83.7,72.5,1.85B,1851547648.0,1.2369606388136738,8.21%,0.003323399684409776,,0.0866434447550394,,,97.0%,27.34%,29.4,金融・不動産セクター特化評価
2026-08-14,ALHC,"Alignment Healthcare, Inc.",Health Care,55.02,73.5,63.3,2.9B,2420866048.0,0.061909430507250104,6.51%,-0.000679310856025506,0.011477899541598174,0.362787908391012,1.5852584548236721,0.0,7.54%,-37.96%,96.0,
2026-08-14,SAFT,"Safety Insurance Group, Inc.",Financials,54.94,88.8,81.1,1.52B,1512459264.0,0.5881193411529002,10.58%,0.04016619265527852,,0.0885506742023444,,,98.91%,38.55%,20.4,金融・不動産セクター特化評価
2026-08-14,KFY,Korn/Ferry International,Industrials,54.71,52.4,55.8,4.32B,3795758336.0,0.4562338455871713,5.65%,0.06825320755682478,0.17262809577624488,0.05271696228967809,0.13854413078314579,0.0,94.39%,24.52%,32.6,
2026-08-14,CALX,Calix,Information Technology,54.65,74.9,31.0,2.49B,2328163328.0,0.34512384530670226,2.47%,0.016895255837856938,0.03869961300386996,0.12696602776420338,2.6479305058763414,0.0,14.29%,-33.03%,93.5,
2026-08-14,HCSG,"Healthcare Services Group, Inc.",Industrials,54.45,92.2,49.7,1.48B,1300460160.0,0.34432487494732783,4.74%,0.07435791869844999,0.046932978004793235,-0.010611979491063465,0.16575631388242928,0.0,61.59%,11.75%,51.6,
2026-08-14,ALRM,"Alarm.Com, Inc.",Financials,54.35,67.3,42.3,2.73B,2870755840.0,0.3109165803618627,3.67%,0.06204931126266094,0.2275543494922304,0.048269362106320844,0.1780969203594194,0.0,78.05%,9.48%,53.8,金融・不動産セクター特化評価
2026-08-14,BL,"BlackLine Systems, Inc.",Information Technology,54.19,80.9,70.9,1.77B,2010081408.0,0.18727185164283408,7.81%,0.013934490050974158,0.14978291813422384,-0.035899017882386974,-0.4292087638260945,1.0,16.72%,-41.77%,97.2,
2026-08-14,AORT,Artivion,Health Care,54.11,86.7,19.9,1.42B,1715815296.0,0.3154883240546691,0.92%,0.011039832910637029,0.14460834296331543,0.12127091462309642,0.2521582169204207,0.0,34.31%,-32.69%,93.3,
2026-08-14,ARLO,Arlo Technologies,Information Technology,54.06,90.2,47.2,1.54B,1408835968.0,0.08290066063528095,4.51%,0.04806342336772415,0.018896763064971085,0.04071045576407507,1.315600151457781,0.0,36.9%,2.43%,67.6,
2026-08-14,CFFN,Capitol Federal Savings Bank,Financials,53.98,71.1,48.6,1.08B,2585940480.0,0.9727597448284033,4.63%,0.0069564454419866195,,0.026354253869386734,,,83.89%,33.32%,24.9,金融・不動産セクター特化評価
2026-08-14,HTH,Hilltop Holdings Inc.,Financials,53.94,53.6,10.3,2.27B,3709575424.0,0.9558566893983541,-2.45%,0.010450682404802425,,-0.026010059300611645,,,91.59%,12.31%,50.8,金融・不動産セクター特化評価
2026-08-14,CRSR,Corsair Gaming,Information Technology,53.92,89.4,61.2,1.41B,1463107072.0,0.45086007282021,6.2%,-0.012888184886710948,0.03490098337498642,0.014528709068973135,13.913232733604179,0.0,81.06%,120.54%,1.4,
2026-08-14,DCOM,"Dime Community Bancshares, Inc.",Financials,53.76,98.6,78.8,1.81B,656124736.0,0.8159487302292764,10.09%,0.00721448716893269,,0.06886053326708125,,,93.82%,34.39%,23.9,金融・不動産セクター特化評価
2026-08-14,AEO,American Eagle Outfitters,Consumer Discretionary,53.6,43.0,53.9,2.71B,4501725184.0,0.624857945312497,5.31%,0.047879880688733265,0.09914937817680733,0.04670203809934021,-0.17340833707801,1.0,25.11%,-36.45%,95.1,
2026-08-14,JJSF,J&J Snack Foods Corp.,Consumer Staples,53.51,84.9,39.8,1.67B,1829020160.0,0.5783593794512424,3.45%,0.04748096454508538,0.10185108572143203,0.0120137630841967,-0.15738815095049485,1.0,43.41%,-7.2%,77.9,
2026-08-14,PPLI,People Inc.,Communication Services,53.28,58.4,30.8,3.01B,3355322624.0,1.573566358586881,2.46%,-0.01458841024529189,0.07050968394054961,-0.26401166148740735,1.4254997781005407,0.0,57.78%,-0.44%,70.6,
2026-08-14,CE,Celanese,Materials,53.26,2.4,95.2,5.01B,16315877376.0,0.8080004214613213,19.65%,-0.05369900898824614,0.02797569153394803,-0.05004816533847097,-0.44375,1.0,29.6%,-2.97%,73.1,
2026-08-14,CARG,CarGurus,Communication Services,53.24,57.4,67.5,3.33B,3442453760.0,0.11220629356913904,7.24%,0.23553966855870323,0.30131866193300844,-0.19724911950478816,0.4067969361281555,0.0,74.51%,7.77%,58.1,
2026-08-14,DCH,Dauch Corporation,Consumer Discretionary,53.24,26.5,98.3,1.6B,5924430848.0,0.40023037260246996,33.82%,-0.0029534346796198014,0.11343738756489112,0.31824739619360065,-0.07849686847599165,1.0,41.8%,-13.72%,83.0,要確認: FCF異常値(>30%)
2026-08-14,MKTX,MarketAxess,Financials,53.21,30.1,4.6,5.72B,5569405952.0,0.20024561960917742,-8.0%,0.12746332342060462,0.5349416496901691,0.0814155473682328,0.02280563023881069,1.0,61.71%,-5.99%,77.1,金融・不動産セクター特化評価
2026-08-14,PRVA,"Privia Health Group, Inc.",Health Care,53.02,72.9,39.0,2.81B,2431773440.0,0.26234057178096554,3.4%,0.016736795829931546,0.020793822620807388,0.2056686884730622,0.8202886597938144,0.0,26.59%,-7.8%,78.3,
2026-08-14,BBT,Beacon Financial Corp.,Financials,52.99,72.1,71.7,2.69B,2508715776.0,0.9286004011312838,7.89%,0.0038875776839406365,,0.9504188293541899,,,92.42%,19.7%,38.7,金融・不動産セクター特化評価
2026-08-14,HZO,"MarineMax, Inc.",Consumer Discretionary,52.85,78.9,90.4,1.15B,2095843200.0,0.815691123559355,15.96%,-0.012803802402650865,0.036087746526202016,-0.05168003292044584,-0.5174827604175714,1.0,98.58%,79.81%,4.9,
2026-08-14,BKU,"BankUnited, Inc.",Financials,52.69,33.9,50.0,3.44B,5268846592.0,0.8868729583703452,,0.0076585960208109425,,-0.005740096502607618,,,77.84%,4.97%,63.0,金融・不動産セクター特化評価
2026-08-14,BANR,Banner Corporation,Financials,52.65,70.3,77.8,2.52B,2625509888.0,0.7738069225065622,9.86%,0.011946690107327114,,0.009533990570515363,,,98.26%,14.86%,45.3,金融・不動産セクター特化評価
2026-08-14,CRK,"Comstock Resources, Inc.",Energy,52.55,14.5,1.7,4.13B,7696737792.0,0.6411372383286295,-21.04%,0.05996850035007539,0.7118496580757342,0.09792471032640213,1.1509239425938085,0.0,12.14%,-32.57%,93.1,
2026-08-14,FOXF,Fox Factory,Consumer Discretionary,52.49,89.0,55.1,0.88B,1504678528.0,0.758562915130127,5.53%,-0.3257540456133068,-0.2932637098494467,-0.25194291360075316,-4.076711878221949,1.0,45.42%,8.91%,54.7,
2026-08-14,MFP,"Midera Food Processing, Inc.",Industrials,52.43,82.7,34.8,2.06B,1926875392.0,0.5148137125631325,2.92%,0.022233888404825968,0.10413909749319293,0.13883889353549037,-0.4993011958567677,1.0,13.73%,-58.76%,99.4,
2026-08-14,CVCO,"Cavco Industries, Inc.",Consumer Discretionary,52.23,43.6,40.3,4.65B,4447874048.0,0.23711734379451826,3.52%,0.12778889157885348,0.11952925032468184,0.06006774985870635,0.16217738232414683,0.0,59.97%,-12.66%,81.8,
2026-08-14,NX,Quanex Building Products Corporation,Industrials,52.2,85.1,73.6,0.96B,1797689856.0,0.7547140499285863,8.58%,-0.12742698654071952,-0.04534998947019576,-0.15154617577123428,-1.6775200604863296,1.0,83.0%,13.88%,48.0,
2026-08-14,CTS,CTS Corporation,Information Technology,51.94,85.7,44.4,1.81B,1768613120.0,0.30444006747807784,3.98%,0.08545866800294645,0.2265174998799227,-0.0014580097122259862,0.18198555991478615,0.0,81.86%,31.32%,26.3,
2026-08-14,CPF,Central Pacific Financial Corp.,Financials,51.92,98.4,75.7,1.0B,714964480.0,0.59470668150113,9.26%,0.010457211474157744,,-0.008411963657854503,,,83.17%,21.8%,36.0,金融・不動産セクター特化評価
2026-08-14,LQDT,"Liquidity Services, Inc.",Industrials,51.85,94.8,58.7,1.36B,1128123648.0,0.1492247858937615,6.01%,0.07489449508265773,0.09540163090110748,0.08133172666682041,0.28012048192771083,0.0,98.42%,36.57%,21.9,
2026-08-14,AKR,Acadia Realty Trust,Real Estate,51.78,38.8,61.0,3.04B,4848534016.0,0.7321722686119208,6.18%,0.0034929644551173916,0.5189662014280949,0.10659514097149,-0.111121767340233,1.0,50.68%,1.49%,68.6,金融・不動産セクター特化評価
2026-08-14,GNL,"Global Net Lease, Inc.",Real Estate,51.55,47.6,93.5,2.03B,4188555520.0,0.8209354543063352,18.07%,-0.051862542420954345,0.6288689767124449,-0.37502149296612136,-0.43353538880674514,1.0,50.68%,-1.33%,71.5,金融・不動産セクター特化評価
2026-08-14,FCF,"First Commonwealth Financial, Corp.",Financials,51.5,75.3,71.1,2.18B,2300976896.0,0.7114405150677445,7.85%,0.012339103604656098,,0.06543842797232544,,,90.19%,25.48%,31.6,金融・不動産セクター特化評価
2026-08-14,SIG,Signet Jewelers,Consumer Discretionary,51.46,47.0,50.0,3.56B,4261164800.0,,,,,,,,49.12%,,50.0,
2026-08-14,ACIW,ACI Worldwide,Information Technology,51.44,24.5,50.5,5.4B,6113454080.0,0.2815689532364518,4.83%,0.07299993204305315,0.26773941317731403,0.026316128718772033,0.062259327062685436,0.0,66.83%,22.88%,35.2,
2026-08-14,INDB,Independent Bank Corp.,Financials,51.43,52.8,57.2,4.07B,3775983872.0,0.8759064530115951,5.87%,0.00823356706502528,,0.28592213152303153,,,93.55%,14.0%,47.6,金融・不動産セクター特化評価
2026-08-14,HMN,Horace Mann Educators Corporation,Financials,51.35,72.5,80.5,2.13B,2465994752.0,0.6977114844964866,10.48%,0.010617950296726186,,0.05375557365507531,,,78.35%,24.33%,32.8,金融・不動産セクター特化評価
2026-08-14,PZZA,Papa John's Pizza,Consumer Discretionary,51.34,86.5,68.3,0.8B,1722875776.0,-0.5568562236720631,7.42%,0.03645457715030782,0.08831984294539703,-0.05787039120222464,-0.19777454436095546,1.0,3.05%,-34.28%,94.5,
2026-08-14,MCY,Mercury General,Financials,51.34,40.2,95.0,5.84B,4704315904.0,0.41414010208810376,19.6%,0.0565958302708733,,0.15041419232616726,,,80.8%,16.09%,44.1,金融・不動産セクター特化評価
2026-08-14,DRH,DiamondRock Hospitality Company,Real Estate,51.26,55.8,36.1,2.54B,3610438912.0,0.5703457733378564,3.0%,0.03376933989102111,0.24511040249319271,-0.05313261781618163,0.21026933652964816,0.0,77.34%,35.18%,22.9,金融・不動産セクター特化評価
2026-08-14,FIZZ,National Beverage Corp.,Consumer Staples,51.25,70.1,41.5,2.93B,2637310208.0,0.21689358465164243,3.62%,0.2156386390135819,0.21412440959822185,0.26571203519305653,-0.01356044642160306,1.0,7.69%,3.86%,65.2,
2026-08-14,AVA,Avista Corporation,Utilities,51.21,21.1,5.2,3.28B,6589046784.0,0.8261857842905711,-7.17%,0.023088886230410336,0.3329938900203666,0.05263820677496537,0.08637873754152824,0.0,45.62%,-0.01%,70.4,
2026-08-14,RUN,Sunrun,Industrials,51.16,1.6,0.2,2.45B,18596505600.0,1.2763609466437214,-80.32%,0.019899829265889322,0.18465896313050031,0.13633168230350523,1.1874613772627773,0.0,11.42%,-44.19%,97.8,要確認: 大幅なFCF赤字
2026-08-14,ADMA,"ADMA Biologics, Inc.",Health Care,51.1,0.2,32.7,2.12B,43855241216.0,0.22503048330475592,2.58%,0.23537346093342004,0.3878331467953028,0.27740966444161597,0.3397206291599239,0.0,17.06%,-45.89%,98.2,
2026-08-14,ASTH,"Astrana Health, Inc.",Health Care,51.07,75.9,83.4,2.02B,2280847360.0,,11.42%,0.01013539247320794,0.04251817149516511,0.63751629278748,-0.04624159275813934,1.0,67.81%,49.05%,14.6,
2026-08-14,PRIM,Primoris Services Corporation,Industrials,51.0,32.1,25.2,4.48B,5414320128.0,0.3748689952168625,1.79%,0.062366713553246515,0.06661474078865727,0.05050168021163517,0.21385614625932162,0.0,13.02%,-43.45%,97.6,
2026-08-14,GSHD,"Goosehead Insurance, Inc.",Financials,50.9,83.3,23.9,2.37B,1877362048.0,-0.04031239356285432,1.56%,0.06708463496471133,,0.04328145393093979,,,57.74%,-8.06%,78.7,金融・不動産セクター特化評価
2026-08-14,SEDG,SolarEdge,Information Technology,50.83,84.1,59.7,1.99B,1840309632.0,0.21430370055361128,6.12%,-0.1857983295710647,-0.29456690227651117,-0.17542688269922044,0.787304525093211,0.0,13.01%,-4.2%,75.1,
2026-08-14,ASO,Academy Sports + Outdoors,Consumer Discretionary,50.83,41.0,35.6,2.98B,4647660032.0,0.7296412308337744,2.97%,0.07139765580526644,0.106574075389524,0.07673451115627684,-0.06929200424716664,1.0,31.65%,-16.97%,86.0,
2026-08-14,IBP,"Installed Building Products, Inc.",Consumer Discretionary,50.79,16.1,47.4,6.39B,7302986240.0,0.11118045405281789,4.53%,0.1283365570599613,0.1796149185404605,0.003932229719889315,0.030513711857860178,0.0,30.23%,-22.83%,88.9,
2026-08-14,AMR,"Alpha Metallurgical Resources, Inc.",Materials,50.78,87.5,31.2,2.11B,1645778432.0,0.7340779195335142,2.49%,-0.02704827534194559,0.04485177374205264,-0.06482202871356472,-0.7542126446246964,1.0,26.97%,-33.49%,93.9,
2026-08-14,FIVN,"Five9, Inc.",Information Technology,50.7,69.5,80.9,2.47B,2714857472.0,0.3186765461991024,10.56%,0.02201925064382957,0.10511118382578184,-0.12731192357306453,1.1975546741384957,0.0,92.58%,73.59%,6.5,
2026-08-14,DMC,Del Monte Corporation,Consumer Staples,50.66,80.7,5.7,1.43B,2017317248.0,1.4067379277688956,-6.97%,0.029650212487741093,0.04964949216852139,-0.012014727730766747,-0.19805680119581465,1.0,22.97%,-18.8%,86.8,
2026-08-14,MC,Moelis & Company,Financials,50.59,32.3,81.6,5.07B,5404583424.0,0.11216517338469491,10.65%,0.13387660604876817,0.18838525418052263,0.2623392238653571,0.5581196254955314,0.0,63.89%,-9.36%,79.4,金融・不動産セクター特化評価
2026-08-14,RNST,Renasant Corp.,Financials,50.57,47.2,58.3,3.98B,4231316736.0,0.9759438846629499,5.97%,0.006776162138048267,,0.48331698352325064,,,91.39%,19.44%,39.3,金融・不動産セクター特化評価
2026-08-14,GNW,"Genworth Financial, Inc.",Financials,50.42,36.5,93.3,3.84B,5017732096.0,2.279259257974963,17.55%,0.0025317030528024705,,0.014535653816472973,,,98.31%,22.41%,35.8,金融・不動産セクター特化評価
2026-08-14,AHCO,AdaptHealth Corp.,Health Care,50.36,68.9,3.6,0.79B,2790022144.0,1.9210763721478905,-10.21%,-0.016400495114531722,0.14562305827344627,-0.037970138715701346,-0.24759522372659512,1.0,7.3%,-45.39%,98.0,
2026-08-14,CWK,Cushman & Wakefield plc,Real Estate,50.36,26.9,74.6,3.38B,5902536192.0,0.5785121122690103,8.95%,0.01148946148034286,0.05065025952061585,0.016875960366661367,-0.15185546875,1.0,48.54%,-15.64%,84.6,金融・不動産セクター特化評価
2026-08-14,CALM,"Cal-Maine Foods, Inc.",Consumer Staples,50.34,65.1,16.1,3.8B,2958624512.0,0.6920036660866162,0.23%,0.10190663444427639,0.16042549333157488,0.007440465094716722,-0.7135159038232839,1.0,20.14%,6.55%,60.5,
2026-08-14,NSSC,Napco Security Technologies,Information Technology,50.3,91.2,40.5,1.37B,1343856896.0,0.12315353980989487,3.52%,0.2190662205197309,0.26723231344392995,-0.04626188917555547,-0.13300941390829032,1.0,46.27%,-2.29%,72.1,
2026-08-14,PRSU,"Pursuit Attractions & Hospitality, Inc.",Consumer Discretionary,50.29,88.2,8.2,1.31B,1568480896.0,0.44496631626254046,-4.2%,0.023479814589429524,0.242944009619444,0.14250397629371556,8.388570940462971,0.0,65.05%,41.06%,18.8,
2026-08-14,FFBC,First Financial Bancorp,Financials,50.11,52.0,74.4,3.61B,3836818432.0,0.7673440069030281,8.79%,0.01209713735552758,,0.13780732537900248,,,85.82%,30.45%,26.9,金融・不動産セクター特化評価
2026-08-14,HWKN,"Hawkins, Inc.",Materials,50.05,90.0,35.8,2.74B,1441586304.0,0.19520126639651306,2.97%,0.08268156424581005,0.16184335828498028,0.28081626080452127,0.09780737717744409,1.0,19.17%,-14.24%,83.4,
2026-08-14,PLUS,"ePlus, Inc.",Information Technology,50.04,81.9,24.5,2.32B,1967274240.0,0.46171826114369163,1.7%,0.0736477152084009,0.08231278062384828,-0.04158238380406676,0.5081953685852956,0.0,66.94%,0.4%,70.0,
2026-08-14,PTEN,"Patterson-UTI Energy, Inc.",Energy,50.03,34.3,62.1,4.32B,5248307200.0,0.7456787738305974,6.34%,-0.01680918616144502,0.18807783659966054,-0.0450846889310746,2.164212764474189,0.0,78.57%,63.27%,8.9,
2026-08-14,CCS,"Century Communities, Inc.",Consumer Discretionary,50.02,55.0,43.2,2.01B,3643147776.0,1.2905773173994823,3.89%,0.033094276883200165,0.05722086659530198,-0.016012674761145793,-0.4897506193371793,1.0,81.31%,3.27%,66.4,
2026-08-14,AGNT,"eXp World Holdings, Inc.",Real Estate,49.97,98.8,88.5,0.71B,640868736.0,0.3396417670295108,13.83%,-0.051333393599710724,-0.002494388986803249,0.1324675856491316,-1.393846153846154,1.0,7.79%,-52.29%,98.8,金融・不動産セクター特化評価
2026-08-14,CAG,Conagra Brands,Consumer Staples,49.85,2.6,83.6,7.48B,14622225408.0,0.8504928770499158,11.49%,-0.11092715231788079,-0.09203481775634662,-0.17481214680494317,-1.5282356532356531,1.0,39.67%,-4.91%,75.7,
2026-08-14,NWBI,"Northwest Bancshares, Inc.",Financials,49.8,66.3,60.2,2.31B,2919956480.0,0.8195250263881627,6.15%,0.007515708147922745,,0.16368381002405294,,,91.65%,32.67%,25.1,金融・不動産セクター特化評価
2026-08-14,RES,"RPC, Inc.",Energy,49.74,93.2,14.3,1.41B,1240681856.0,0.7796984357860652,-0.37%,0.021847131372221863,0.1357282766269552,0.059067183367484344,-0.10292522175854629,1.0,54.77%,4.8%,63.8,
2026-08-14,GPI,"Group 1 Automotive, Inc.",Consumer Discretionary,49.67,12.0,45.5,3.15B,8709039104.0,0.8862770386123469,4.29%,0.031421504212723196,0.037897516325970035,0.053480181592394295,-0.16252202858821227,1.0,2.06%,-33.3%,93.7,
2026-08-14,CBU,"Community Bank System, Inc.",Financials,49.64,50.0,64.8,3.46B,3979495424.0,0.579070521266684,6.74%,0.012162711659096626,,0.055977635602589615,,,70.14%,6.58%,60.1,金融・不動産セクター特化評価
2026-08-14,PAHC,Phibro Animal Health,Health Care,49.46,79.3,11.7,1.39B,2092175232.0,0.20496574277871313,-1.27%,0.03546476596370049,0.11328907627206906,0.3855855929235255,1.1262452218232364,0.0,19.2%,-13.67%,82.6,
2026-08-14,CVSA,Covista Inc.,Consumer Discretionary,49.4,36.7,67.3,4.49B,4988558848.0,0.32184186067120785,7.21%,0.08350162046902654,0.23913801088488987,0.09459400541791166,0.09357609229833143,1.0,65.0%,12.45%,50.6,
2026-08-14,FBK,FB Financial Corp.,Financials,49.37,74.3,49.9,3.09B,2359240704.0,0.6307499449442082,4.76%,0.007522687323638129,,0.23886105259349774,,,93.63%,3.06%,66.8,金融・不動産セクター特化評価
2026-08-14,LPG,Dorian LPG Ltd.,Energy,49.24,76.7,6.9,2.03B,2256270336.0,0.5620189664862495,-5.91%,0.10347100848392092,0.6066832890269258,0.052304781326763534,0.5137858729380462,0.0,96.92%,73.63%,6.3,
2026-08-14,NEOG,Neogen,Health Care,49.22,60.6,33.5,2.54B,3219785984.0,0.8238620388759652,2.74%,-0.0023610280932456667,0.19588694852941177,-0.028398861722515826,1.1815954840771115,0.0,84.91%,23.15%,34.8,
2026-08-14,NTST,NETSTREIT Corp.,Real Estate,49.2,57.2,63.5,2.02B,3468294144.0,0.7148557296664683,6.6%,0.0026398173664101696,0.775079255685734,0.15705872407324953,0.4309999083866896,0.0,67.71%,16.24%,43.9,金融・不動産セクター特化評価
2026-08-14,HUBG,"Hub Group, Inc.",Industrials,49.19,64.7,30.2,2.46B,2979242752.0,0.6674806564158764,2.4%,0.03627285858072064,0.08604623466003107,-0.023059576362367495,-0.16585111818574855,1.0,36.35%,-14.5%,84.0,
2026-08-14,SLVM,Sylvamo Corp.,Materials,49.06,72.7,12.2,1.53B,2455070976.0,0.6328633865401891,-1.07%,0.04777415852334419,0.12623097582811102,0.06105990783410138,-0.31442463533225284,1.0,13.45%,-24.9%,90.5,
2026-08-14,CNR,"Core Natural Resources, Inc.",Energy,48.86,41.2,56.6,4.76B,4614121472.0,0.7723971031926632,5.76%,-0.024994237407082776,0.10264372024899304,1.128828428677745,-0.2583033320899083,1.0,59.02%,-1.9%,71.9,
2026-08-14,MGEE,"MGE Energy, Inc.",Utilities,48.84,50.2,6.3,3.09B,3978246912.0,0.4222470956678368,-6.69%,0.04306526547971427,0.4098371016628701,0.1157941115836545,0.11772579911690065,0.0,60.38%,3.47%,65.8,
2026-08-14,LIF,Life360,Information Technology,48.81,51.0,25.6,4.17B,3936990976.0,0.13137629947649143,1.79%,0.15716774618417653,0.06671556199321323,1.1733049504053625,14.309892170651665,0.0,18.8%,-14.35%,83.8,
2026-08-14,DFH,"Dream Finders Homes, Inc.",Consumer Discretionary,48.74,62.4,2.3,1.42B,3139924480.0,1.1114839872992364,-15.38%,0.058269062992624514,0.06910097232195071,0.11981820863767334,-0.3362626570113788,1.0,17.62%,-23.15%,89.5,
2026-08-14,PFS,"Provident Financial Services, Inc.",Financials,48.71,26.7,87.4,3.21B,5909082624.0,0.881628232966701,13.4%,0.011655393301471416,,0.038620146288275425,,,89.1%,24.07%,33.4,金融・不動産セクター特化評価
2026-08-14,SBCF,Seacoast Banking Corporation of Florida,Financials,48.7,40.8,52.0,3.5B,4649273344.0,0.8735274570737896,5.11%,0.00695114188523347,,0.3733466005038907,,,99.39%,7.51%,58.5,金融・不動産セクター特化評価
2026-08-14,DEI,Douglas Emmett,Real Estate,48.69,10.2,91.6,2.35B,9021323264.0,0.8109255375776817,16.85%,0.0017513655257148843,0.6515823988876295,-0.012284419962355244,0.05329282312366563,0.0,33.21%,10.46%,53.2,金融・不動産セクター特化評価
2026-08-14,CNXN,"PC Connection, Inc.",Information Technology,48.59,86.9,18.2,2.05B,1710384896.0,0.44476748695592394,0.58%,0.0619738327442308,0.04286247374463319,0.03968972273914576,0.05067665580149154,0.0,78.31%,38.56%,20.2,
2026-08-14,GRBK,"Green Brick Partners, Inc.",Consumer Discretionary,48.59,59.6,15.9,3.03B,3320830976.0,0.613410780322929,0.23%,0.12357151564621127,0.20321334278434153,0.12656611528741854,-0.13963315166634152,1.0,44.06%,-5.03%,76.3,
2026-08-14,LAZ,Lazard,Financials,48.51,28.7,82.6,4.39B,5726609408.0,0.19881739172139795,11.09%,0.04793437574255161,0.14276039128658624,0.03060934799028701,-0.12022630280725109,1.0,29.73%,-14.32%,83.6,金融・不動産セクター特化評価
2026-08-14,DIOD,Diodes Incorporated,Information Technology,48.49,47.4,42.6,4.77B,4194803200.0,0.3941142547054353,3.71%,0.027017278705935215,0.155513257444134,0.025906001849740245,0.14014207131267561,0.0,73.11%,80.06%,4.7,
2026-08-14,HIW,Highwoods Properties,Real Estate,48.46,16.9,70.2,3.54B,7165695488.0,0.6721989704160254,7.65%,0.0254408864239083,0.756764568695169,0.040548781751945276,0.10815479801924803,0.0,73.78%,20.78%,37.7,金融・不動産セクター特化評価
2026-08-14,ADEA,"Adeia, Inc.",Information Technology,48.38,57.6,57.4,3.29B,3422118400.0,0.14607633091864095,5.93%,0.10687451109060592,0.5409800940940851,-0.053424484111912904,0.16153604028958138,0.0,80.16%,56.24%,11.3,
2026-08-14,AROC,"Archrock, Inc.",Energy,48.37,12.9,44.2,6.08B,8200984064.0,0.245208959498805,3.97%,0.07410151141424007,0.5708173750082225,0.1373093231142159,0.5377190634967706,0.0,61.03%,35.1%,23.3,
2026-08-14,ADAM,"Adamas Trust, Inc.",Real Estate,48.31,4.2,50.0,0.91B,12552520704.0,1.5687642962147912,,0.011792847876076037,,0.37121192559802335,,,93.86%,27.54%,28.7,金融・不動産セクター特化評価
2026-08-14,FTRE,Fortrea,Health Care,48.3,69.9,91.4,1.66B,2643881984.0,0.3403412818438161,16.84%,-0.3631476230806054,-0.29874421678783875,-0.24125502905677246,-11.653188180404355,1.0,71.55%,9.09%,54.5,
2026-08-14,FRPT,Freshpet,Consumer Staples,48.25,55.2,18.0,3.5B,3638111744.0,0.34565650082809835,0.55%,0.07826468478856999,0.15844974886911703,0.12883347154509747,0.3089505247376312,0.0,66.52%,15.02%,44.9,
2026-08-14,OFG,OFG Bancorp,Financials,48.22,79.1,74.2,2.28B,2095156608.0,0.6095915629827948,8.74%,0.016453444852525624,,0.0839009927540277,,,99.84%,30.77%,26.5,金融・不動産セクター特化評価
2026-08-14,SHOO,"Steven Madden, Ltd.",Consumer Discretionary,48.19,52.6,50.0,3.45B,3779839488.0,,,,,,,,89.18%,3.08%,66.6,
2026-08-14,JOE,St. Joe Company,Real Estate,48.19,46.0,36.5,3.89B,4333868544.0,0.19678519821538276,3.05%,0.07614924928840787,0.4541019316273288,-0.01309524273775587,0.3070318589926928,0.0,81.08%,4.93%,63.4,金融・不動産セクター特化評価
2026-08-14,BFH,"Bread Financial Holdings, Inc.",Financials,48.07,51.6,50.0,4.58B,3890742784.0,0.7260766427700752,,0.022856638573886954,,-0.009960246385042157,,,98.81%,61.4%,9.5,金融・不動産セクター特化評価
2026-08-14,EFC,"Ellington Financial, Inc.",Financials,48.05,1.4,50.0,1.8B,19587688448.0,1.0217610341383725,,0.00758898790931183,,0.1860560636410013,,,84.15%,5.85%,61.9,金融・不動産セクター特化評価
2026-08-14,NWL,Newell Brands,Consumer Discretionary,47.9,13.5,90.1,2.66B,8128802816.0,0.8996785521907058,15.38%,-0.026598226784881007,0.04594669627984453,-0.026263177026535803,-0.07541899441340782,1.0,78.08%,51.0%,13.2,
2026-08-14,AGYS,"Agilysys, Inc.",Information Technology,47.81,63.1,24.9,3.22B,3135879424.0,0.10163118690980137,1.79%,0.08055813992125069,0.18524515207696549,0.108566429541635,0.6821943520177459,0.0,62.69%,-0.54%,70.9,
2026-08-14,PEB,Pebblebrook Hotel Trust,Real Estate,47.74,45.6,86.0,2.05B,4344429056.0,1.2028874612272606,12.59%,-0.01230532140502534,0.18507072645749637,-0.0606259456227612,-0.10874382749290958,1.0,83.28%,50.65%,13.6,金融・不動産セクター特化評価
2026-08-14,MHK,Mohawk Industries,Consumer Discretionary,47.69,7.8,79.0,9.49B,10936830976.0,0.8823181160839433,10.19%,0.02702505242085729,0.1056149980529234,0.07465159188160013,-0.1434050233117762,1.0,93.96%,13.28%,49.4,
2026-08-14,BMI,"Badger Meter, Inc.",Information Technology,47.6,53.8,38.8,3.79B,3708499456.0,0.18810199896940016,3.38%,0.14547796424936085,0.23782458766198702,0.19250550885397463,0.14666449261259934,1.0,20.38%,-22.85%,89.1,
2026-08-14,JBTM,JBT Marel Corporation,Industrials,47.58,15.1,54.5,6.23B,7658599936.0,0.7159772193455016,5.47%,-0.006165529197748666,0.08377652572271076,1.399291112543207,0.5582761998041136,1.0,11.52%,-24.34%,90.1,
2026-08-14,BOOT,"Boot Barn Holdings, Inc.",Consumer Discretionary,47.53,29.9,17.6,4.95B,5587468288.0,0.2666040881156789,0.44%,0.09219309612971031,0.1689413579110317,0.21409787113216364,0.2521374829001368,0.0,39.11%,-12.85%,82.0,
2026-08-14,JBSS,"John B. Sanfilippo & Son, Inc.",Consumer Staples,47.39,95.0,45.1,1.01B,1115577216.0,0.35569217772533596,4.17%,0.0986173094847248,0.10195205040253025,0.15910003394268535,0.034796956641305346,1.0,83.85%,18.65%,40.5,
2026-08-14,NWN,NW Natural,Utilities,47.31,39.2,2.9,2.14B,4813803520.0,0.689005386591719,-12.55%,0.01837493864561627,0.3621447179731387,0.17819424734769548,0.341407780656949,0.0,67.96%,11.55%,51.8,
2026-08-14,SKY,"Champion Homes, Inc.",Consumer Discretionary,47.29,41.8,50.0,5.13B,4566181888.0,,,,,,,,86.92%,-3.01%,73.3,
2026-08-14,BTU,"Peabody Energy, Inc.",Energy,47.14,67.1,11.3,3.11B,2884471040.0,1.1385661450446263,-1.74%,-0.009109381457501033,0.10081574517674478,-0.024606547189142885,-0.5677326226959805,1.0,38.52%,-28.96%,92.1,
2026-08-14,NBTB,"NBT Bancorp, Inc.",Financials,47.13,64.9,71.5,2.78B,2960445184.0,0.6813614942628653,7.87%,0.010580413864952945,,0.1601877495255198,,,93.86%,24.6%,32.4,金融・不動産セクター特化評価
2026-08-14,PBI,"Pitney Bowes, Inc.",Industrials,47.11,48.0,80.1,2.25B,4161453056.0,-0.35644264926444197,10.39%,0.04566085117756633,0.2142834121214459,-0.06727414970231192,1.354451617397766,0.0,73.81%,56.05%,11.7,
2026-08-14,SKYW,"SkyWest, Inc.",Industrials,47.09,25.3,50.0,4.27B,5990549504.0,,,,,,,,64.47%,7.46%,58.7,
2026-08-14,MMI,"Marcus & Millichap, Inc.",Real Estate,46.94,96.0,56.2,1.2B,1062102464.0,0.5042809164822513,5.71%,-0.0023078410986725984,0.021043334092558357,-0.04899977006208324,2.633889778184313,0.0,77.8%,17.23%,43.3,金融・不動産セクター特化評価
2026-08-14,MGY,"Magnolia Oil & Gas, Corp.",Energy,46.87,23.3,53.0,6.36B,6245200896.0,0.3048814326773427,5.23%,0.11203640807800787,0.6683602102382522,0.02916051452849954,-0.0490411615605623,1.0,44.25%,18.93%,39.9,
2026-08-14,FUN,Six Flags,Consumer Discretionary,46.81,18.3,97.3,1.68B,6968838144.0,0.3276287900926954,28.81%,-0.1986698126295485,-0.2796852164427252,-0.14580928394408377,-2.4770270891781263,1.0,26.18%,3.27%,66.2,
2026-08-14,MHO,"M/I Homes, Inc.",Consumer Discretionary,46.76,47.8,28.1,3.85B,4164656384.0,0.8232847175108223,2.25%,0.08434801266452102,0.12922664115763094,0.04996465775608401,-0.20878918322601747,1.0,75.36%,9.43%,54.0,
2026-08-14,MIR,"Mirion Technologies, Inc.",Information Technology,46.75,40.6,34.6,3.96B,4652638208.0,0.4716456271880071,2.89%,0.008026532147933446,0.23006267559974064,0.36119119878603945,0.22075688073394495,1.0,11.01%,-41.15%,97.0,
2026-08-14,AWI,"Armstrong World Industries, Inc.",Industrials,46.71,13.3,34.4,7.7B,8179710464.0,0.11696967433755981,2.87%,0.16038863199459655,0.34162142152023695,0.04449991859770988,0.1297694348092226,0.0,57.2%,-6.72%,77.5,
2026-08-14,QTWO,"Q2 Holdings, Inc.",Information Technology,46.6,49.2,49.5,4.04B,4063635968.0,0.163968033882382,4.72%,0.04074977453953962,0.14287457741419637,-0.014301877903451898,1.647780264875956,0.0,53.92%,-3.1%,73.5,
2026-08-14,DAVE,"Dave, Inc.",Financials,46.57,46.8,43.8,4.27B,4271800576.0,0.08265211458942198,3.92%,0.4018419508512201,0.32877466247550446,0.6283796650485923,1.3966247500789224,0.0,59.59%,74.2%,6.1,金融・不動産セクター特化評価
2026-08-14,CATY,Cathay General Bancorp,Financials,46.57,62.5,73.2,4.33B,3139364864.0,0.6753396659877001,8.4%,0.013005758458412911,,0.05096119091823478,,,98.83%,29.58%,27.3,金融・不動産セクター特化評価
2026-08-14,FBNC,First Bancorp (Southern Pines NC),Financials,46.55,76.3,67.7,2.74B,2274730240.0,0.60266273453164,7.25%,0.00876579005345531,,0.04285957482959317,,,97.89%,16.25%,43.7,金融・不動産セクター特化評価
2026-08-14,BOH,Bank of Hawaii,Financials,46.38,54.4,57.0,3.17B,3679023616.0,0.5844445588069254,5.82%,0.00851666528515206,,0.024373849471681718,,,77.66%,13.76%,48.2,金融・不動産セクター特化評価
2026-08-14,LXP,Lexington Realty Trust,Real Estate,46.23,36.1,52.6,3.57B,5040486912.0,0.5703319268252836,5.14%,0.03199301559334378,1.1141599186815445,-0.07969428451294092,0.2460443416922394,0.0,95.05%,23.64%,34.2,金融・不動産セクター特化評価
2026-08-14,ENPH,Enphase Energy,Information Technology,46.23,35.5,23.5,5.34B,5064515584.0,0.20374580464213257,1.47%,0.04904364703093517,0.19686554852900742,0.08004367204607475,0.37788484839845476,0.0,30.65%,14.48%,46.8,
2026-08-14,EMN,Eastman Chemical Company,Materials,46.17,3.4,62.5,8.47B,13285874688.0,0.7039298961872861,6.43%,0.03189985867151222,0.14853747714808044,-0.02326957207651351,-0.2789794786466999,1.0,65.64%,7.94%,57.1,
2026-08-14,ABCB,Ameris Bancorp,Financials,46.16,23.7,60.0,6.02B,6164041216.0,0.6766071485939884,6.14%,0.014978769168159229,,0.04774299797616713,,,85.87%,10.8%,52.6,金融・不動産セクター特化評価
2026-08-14,KMT,Kennametal,Industrials,46.11,64.5,6.7,2.38B,2982456064.0,0.5395872092353989,-6.63%,,,0.016636591875093358,,,46.33%,-8.14%,78.9,
2026-08-14,QRVO,Qorvo,Information Technology,46.0,11.0,54.7,8.66B,8904732672.0,0.38639772009937984,5.5%,0.05818964259414068,0.1994814758230015,-0.01812550574056093,0.6636988366741259,0.0,67.08%,21.66%,36.2,
2026-08-14,MTCH,Match Group,Communication Services,46.0,5.8,81.8,8.71B,11642092544.0,-0.029100059537208404,10.68%,0.1375189399416384,0.27548371944573247,-0.0011106704754901226,0.009499530277651094,0.0,72.6%,21.49%,36.6,
2026-08-14,NE,Noble Corporation,Energy,45.83,12.4,40.0,7.2B,8522587648.0,0.6317966730072903,3.51%,0.02878136866652049,0.30819906938465436,-0.05461565233287398,0.041160751282417744,0.0,65.67%,39.76%,19.8,
2026-08-14,BNL,"Broadstone Net Lease, Inc.",Real Estate,45.82,19.5,51.4,4.55B,6855555584.0,0.6372606794357706,5.06%,0.016877819419663275,0.790779454703196,0.09601417984796844,-0.10313420908046551,1.0,73.69%,18.87%,40.1,金融・不動産セクター特化評価
2026-08-14,REX,REX American Resources Corporation,Energy,45.69,93.8,24.3,1.47B,1188800896.0,0.41582009075520365,1.66%,0.10398367369451607,0.12952142010524423,0.10794741169542561,-0.02082655385616661,1.0,66.73%,32.16%,25.5,
2026-08-14,FULT,Fulton Financial Corporation,Financials,45.6,31.9,58.9,4.72B,5419801088.0,0.7398778927937304,6.03%,0.012192668377005082,,0.0014526776006717425,,,93.16%,24.29%,33.0,金融・不動産セクター特化評価
2026-08-14,PJT,"PJT Partners, Inc.",Financials,45.36,31.5,62.7,7.43B,5427443200.0,0.04150217865871796,6.47%,0.09771599077715991,0.2299776328128328,0.12713977695076356,0.23730766453492572,0.0,68.68%,-6.29%,77.3,金融・不動産セクター特化評価
2026-08-14,IPAR,"Inter Parfums, Inc.",Consumer Staples,45.35,51.8,58.5,3.67B,3872142080.0,0.2399042247602612,5.98%,0.10622123478471507,0.2041519399613976,0.12328477864831523,-0.0022720258459356345,1.0,71.85%,28.91%,27.5,
2026-08-14,REZI,"Resideo Technologies, Inc.",Industrials,45.35,15.9,44.9,3.11B,7451169280.0,0.9370770078718529,4.1%,-0.06249258863986719,-0.01699678800856531,0.02854006586169045,-1.2847533632286996,1.0,14.75%,-22.48%,88.7,
2026-08-14,CPK,Chesapeake Utilities Corp.,Utilities,45.32,36.9,6.1,3.26B,4957108736.0,0.4908218711242728,-6.78%,0.03512065685391008,0.40118279569892473,0.11680178920883422,0.1969842797561758,0.0,73.9%,8.52%,55.3,
2026-08-14,MBIN,Merchants Bancorp,Financials,45.29,20.9,2.5,2.52B,6600965632.0,0.9047273523537119,-14.94%,0.011248426199819703,,0.03420292281098125,,,92.49%,54.64%,11.9,金融・不動産セクター特化評価
2026-08-14,SEZL,Sezzle,Financials,45.26,44.2,28.9,4.34B,4415732224.0,0.039102359717374476,2.32%,0.3326345667105582,0.36449401371149887,0.34137586636815787,1.363230572074472,0.0,54.35%,85.9%,3.6,金融・不動産セクター特化評価
2026-08-14,CNS,"Cohen & Steers, Inc.",Financials,45.2,45.2,41.3,4.36B,4362028544.0,0.1289634186194616,3.6%,0.17476679434329423,0.36576691891891894,0.07918598267283466,0.03967255027287477,1.0,93.54%,25.11%,32.0,金融・不動産セクター特化評価
2026-08-14,MMSI,"Merit Medical Systems, Inc.",Health Care,45.18,28.1,37.3,5.42B,5775215104.0,0.2923436251872413,3.21%,0.047837949128828015,0.21904194587263326,0.11052620045538684,0.12199267428973048,0.0,88.6%,12.96%,49.6,
2026-08-14,DORM,"Dorman Products, Inc.",Consumer Discretionary,45.14,45.4,41.1,4.05B,4345502208.0,0.36493897387735313,3.56%,0.08190437683859068,0.1688723613693536,0.028276513175179756,0.020055064236883965,1.0,55.44%,5.9%,61.7,
2026-08-14,CURB,Curbline Properties Corp.,Real Estate,45.05,51.4,46.3,3.45B,3902321664.0,0.553630235781415,4.41%,0.016126472291166455,0.6820217285516669,0.21479141684267064,1.349582776092976,0.0,81.31%,27.63%,28.5,金融・不動産セクター特化評価
2026-08-14,LAUR,"Laureate Education, Inc.",Consumer Discretionary,45.04,28.9,63.9,5.18B,5721512960.0,0.22923717511618263,6.63%,0.12764520588301947,0.306921553765431,0.1848973717280861,-0.02870419266785175,1.0,79.28%,6.21%,60.9,
2026-08-14,DGII,Digi International Inc.,Information Technology,44.73,59.4,44.0,3.23B,3321319168.0,0.19691905350889763,3.96%,0.044224979027709437,0.21031283921519406,0.13197681194982055,0.25860342189456115,0.0,96.86%,97.04%,2.0,
2026-08-14,RSI,"Rush Street Interactive, Inc.",Consumer Discretionary,44.52,69.7,27.9,5.92B,2659109376.0,0.024855370459236206,2.15%,0.05058070316106616,0.11229800392797075,0.7353649602335914,1.2251838395835881,0.0,52.94%,29.65%,27.1,
2026-08-14,FTDR,"Frontdoor, Inc.",Consumer Discretionary,44.4,22.3,55.6,5.96B,6389508096.0,0.0406230774876783,5.6%,0.11904761904761904,0.24175824175824176,0.016611295681063124,0.30412371134020616,0.0,84.52%,42.45%,17.8,
2026-08-14,AOSL,"Alpha and Omega Semiconductor, Ltd.",Information Technology,44.32,97.0,8.4,0.92B,923983104.0,0.8929334629641726,-4.05%,-0.09375975898745338,0.053491859653356545,-0.09668885855444435,-0.32410701321330043,1.0,36.86%,36.82%,21.7,
2026-08-14,MRTN,"Marten Transport, Ltd.",Industrials,44.28,94.4,14.0,1.24B,1140085248.0,0.6185681642882104,-0.48%,0.01836660991590569,0.13154273401746389,-0.019602439001731083,-0.16914697431058884,1.0,64.18%,20.5%,37.9,
2026-08-14,IART,Integra Lifesciences Holdings,Health Care,44.2,61.4,63.7,1.43B,3194604544.0,0.7315628190806672,6.62%,-0.14338530166982186,-0.19900076135380326,-0.10784673593855884,-2.6835758039816233,1.0,81.76%,44.98%,16.4,
2026-08-14,NHC,"National Healthcare, Corp.",Health Care,44.18,60.4,25.8,3.5B,3269974016.0,0.3052124506109453,1.8%,0.07862520055109377,0.14081280500941837,0.0013054068113372286,0.17090528576437589,0.0,92.86%,62.01%,9.1,
2026-08-14,BJRI,"BJ's Restaurants, Inc.",Consumer Discretionary,44.14,84.3,39.6,1.45B,1838558976.0,0.2533239448660928,3.42%,0.04806515305946595,0.09235837229813469,-0.02459887192333997,0.4939880222905635,0.0,85.59%,49.34%,14.4,
2026-08-14,ADIG,ADI Global Distribution,Information Technology,44.09,88.0,0.6,1.61B,,1.0466419866663081,-35.8%,-0.06286127167630058,-0.009615384615384616,0.01391941391941392,-1.3194444444444444,1.0,12.08%,,50.0,
2026-08-14,AGX,"Argan, Inc.",Industrials,44.08,19.3,52.8,8.11B,6871239168.0,0.05702567170794089,5.14%,0.11613228429288391,0.1491351949913509,0.41869851128939867,0.5009749081029248,0.0,62.62%,75.91%,5.5,
2026-08-14,CZR,Caesars Entertainment,Consumer Discretionary,44.07,0.6,85.7,6.06B,31179345920.0,0.5781528793766332,12.58%,-0.015866493884130344,0.28669684833710607,-0.02918073028536361,-0.07939614201845122,1.0,91.32%,17.36%,43.1,
2026-08-14,BCC,Boise Cascade,Industrials,44.06,61.8,23.7,2.9B,3179842304.0,0.7144020675899929,1.49%,0.040974193562317414,0.05677923428413506,-0.037822948593258764,-0.4598442132531624,1.0,67.63%,-2.95%,72.9,
2026-08-14,CALY,Callaway Golf Company,Consumer Discretionary,44.02,65.7,39.4,2.96B,2940723712.0,0.6983853570889396,3.41%,-0.05617622838320066,0.0944614339109752,-0.045848011419441864,-0.11141552511415526,1.0,68.04%,12.26%,51.0,
2026-08-14,BCPC,Balchem Corporation,Materials,43.77,28.3,29.6,5.69B,5750413824.0,0.22096529706966114,2.37%,0.09182791184235808,0.2458046532794812,0.07038405556532398,0.10385184928600501,0.0,87.95%,7.53%,58.3,
2026-08-14,AUB,"Atlantic Union Bankshares, Corp.",Financials,43.75,17.3,98.5,6.12B,7113083392.0,0.8175175243011558,36.33%,0.007282413437814763,,0.5287882937311826,,,94.2%,14.94%,45.1,金融・不動産セクター特化評価
2026-08-14,OII,"Oceaneering International, Inc.",Energy,43.74,33.5,48.2,5.2B,5301161472.0,0.20606500913193276,4.58%,0.13263116298635225,0.1526969034781097,0.14163435482828535,0.1606875689370857,0.0,94.43%,92.83%,2.2,
2026-08-14,SLG,SL Green Realty,Real Estate,43.67,6.6,87.6,4.3B,11409869824.0,0.8530257265897873,13.5%,-0.00796536410611691,0.4450916291613847,0.05850068848441643,0.021774583380126267,1.0,67.64%,18.77%,40.3,金融・不動産セクター特化評価
2026-08-14,HP,"Helmerich & Payne, Inc.",Energy,43.67,24.7,82.8,4.42B,6031417344.0,0.6168449216184633,11.16%,-0.024411183377579023,0.17586164276525468,0.1597814420109106,-0.2740372271082817,1.0,98.37%,38.9%,20.0,
2026-08-14,SNDR,Schneider National,Industrials,43.65,22.1,50.0,6.33B,6435928576.0,,,,,,,,83.46%,,50.0,
2026-08-14,CRVL,CorVel Corporation,Health Care,43.64,64.3,33.8,3.32B,3026788608.0,0.11872802710376025,2.76%,0.17161182358558352,0.18246225719254647,0.1776818028631295,0.1631750465549348,1.0,42.76%,-4.99%,75.9,
2026-08-14,BFS,"Saul Centers, Inc.",Real Estate,43.61,68.3,65.4,1.21B,2820141568.0,0.25469783883579955,6.99%,0.017344699488319574,0.6063593048650476,0.017058846766653937,0.035602538492814084,0.0,60.91%,12.67%,50.4,金融・不動産セクター特化評価
2026-08-14,PATK,"Patrick Industries, Inc.",Consumer Discretionary,43.57,44.8,21.8,2.76B,4399225344.0,0.42845698275497196,1.19%,0.043903888401631376,0.10675910764804761,0.018278993986667786,-0.006604095764099062,1.0,7.1%,-31.01%,92.7,
2026-08-14,MYRG,"MYR Group, Inc.",Industrials,43.48,36.3,39.2,5.21B,5024736256.0,0.12685312983761496,3.41%,0.07202573598957228,0.0638193231123197,0.10429512548327383,0.9748745844154746,0.0,49.05%,36.94%,21.3,
2026-08-14,CHCO,City Holding Company,Financials,43.43,74.7,61.8,2.07B,2338025728.0,0.3914199448638154,6.21%,0.01941158146259055,,0.040647212096245215,,,95.65%,20.85%,37.4,金融・不動産セクター特化評価
2026-08-14,SFNC,Simmons First National Corporation,Financials,43.36,48.2,50.0,3.48B,4156032000.0,,,,,,,,96.65%,27.53%,28.9,金融・不動産セクター特化評価
2026-08-14,CWST,"Casella Waste Systems, Inc.",Industrials,43.33,16.7,27.5,5.77B,7213042176.0,0.27171201820405966,2.11%,0.0023827499919777824,0.2065546228552172,0.022680017881976478,0.2029194118057361,0.0,49.16%,-13.43%,82.4,
2026-08-14,JXN,"Jackson Financial, Inc.",Financials,43.17,8.4,87.2,9.17B,9880388608.0,1.0859728761147178,13.4%,7.657706205010976e-05,,0.04176687841630965,,,94.47%,19.87%,38.5,金融・不動産セクター特化評価
2026-08-14,SABR,Sabre,Consumer Discretionary,43.09,42.2,83.0,0.9B,4559027712.0,-1.1677934014878877,11.2%,0.11652645149138363,0.11350304206124685,-0.028652218836577648,0.06487469274159145,0.0,95.62%,75.59%,5.7,
2026-08-14,ATEN,"A10 Networks, Inc.",Information Technology,43.05,84.7,36.7,1.99B,1829179520.0,0.10633192141039084,3.09%,0.0669039857862572,0.25340638841948393,0.45515520487968303,0.3323863122274298,1.0,49.52%,56.66%,10.9,
2026-08-14,NXRT,"NexPoint Residential Trust, Inc.",Real Estate,43.03,77.1,56.0,1.26B,2210424320.0,0.23372428064782952,5.65%,-0.01697767039030035,0.5820654963964645,-0.011010160321271665,-0.2794691416410499,1.0,6.41%,-19.21%,87.0,金融・不動産セクター特化評価
2026-08-14,MBC,"MasterBrand, Inc.",Industrials,42.85,58.6,11.5,1.86B,3338626560.0,0.7221508223002409,-1.27%,0.008611792026835248,0.0782169890664424,0.05822923066420916,-0.3307259073842303,1.0,33.42%,-29.56%,92.5,
2026-08-14,EBC,"Eastern Bankshares, Inc.",Financials,42.69,32.5,70.0,5.4B,5396419584.0,0.8040167420570836,7.65%,0.0028842127481163806,,0.19676812004751568,,,98.45%,22.51%,35.6,金融・不動産セクター特化評価
2026-08-14,LGND,"Ligand Pharmaceuticals, Inc.",Health Care,42.61,30.5,30.0,5.87B,5531497472.0,0.17320348571260688,2.38%,0.07974500156026033,0.7365146389045347,0.6571247454272469,3.8401725743981956,0.0,81.91%,50.24%,13.8,
2026-08-14,FA,First Advantage Corporation,Industrials,42.61,29.3,56.8,3.71B,5614042112.0,0.3543967523811497,5.8%,-0.009083411193379314,0.2413628398064265,-0.022710535311567255,3.569932172407158,0.0,78.14%,44.35%,17.0,
2026-08-14,HTLD,"Heartland Express, Inc.",Industrials,42.54,95.8,4.4,0.99B,1063048832.0,0.7636550339132357,-8.14%,-0.04401833810695886,0.12729161521095086,-0.10686243059469701,-0.36858954626608387,1.0,60.06%,20.27%,38.3,
2026-08-14,MSEX,Middlesex Water Company,Utilities,42.34,88.4,10.1,1.11B,1547630080.0,0.44761164587818,-2.56%,0.03135449943876457,0.48503292345937726,0.08808579527619279,0.025743241041460738,1.0,80.84%,8.05%,56.7,
2026-08-14,CVBF,CVB Financial Corp.,Financials,42.33,48.6,53.7,4.09B,4145960704.0,0.5609133571260816,5.31%,0.01338988400910137,,0.03150388470636292,,,97.79%,19.25%,39.5,金融・不動産セクター特化評価
2026-08-14,AZZ,"AZZ, Inc.",Industrials,42.22,35.7,28.5,4.55B,5060001280.0,0.2939631446780215,2.31%,0.14333125214030074,0.3430263987200621,-0.006118716663501117,0.6938115330520394,0.0,84.33%,23.41%,34.6,
2026-08-14,CC,Chemours,Materials,41.69,28.5,86.2,2.39B,5747614720.0,0.10480382923209734,12.71%,-0.05228935247900298,0.05716253443526171,-0.016913037688107604,-0.4977307110438729,1.0,29.68%,2.75%,67.0,
2026-08-14,GTES,Gates Corporation,Industrials,41.68,10.8,57.9,7.03B,8914093056.0,0.47442350173472225,5.94%,0.03515395586878094,0.19522537174721188,0.05379956677423633,-0.007969303423848878,1.0,72.73%,20.43%,38.1,
2026-08-14,CXW,CoreCivic,Industrials,41.64,45.0,19.1,3.25B,4389665280.0,0.4329592477324128,0.76%,0.03577285650111169,0.1575220854728376,0.11079948060824908,0.21198097352369089,0.0,89.33%,64.84%,8.7,
2026-08-14,POWL,"Powell Industries, Inc.",Industrials,41.56,19.7,30.6,7.78B,6802663424.0,0.08238841974961766,2.45%,0.16298431717680328,0.2038588522508915,0.19479411321079962,0.21267048759992244,0.0,54.1%,58.05%,10.3,
2026-08-14,AWR,American States Water Company,Utilities,41.51,44.4,13.2,3.53B,4412706304.0,0.2965025139332852,-0.72%,0.04804330755642903,0.40337014282609984,0.08594601491315326,0.08767911362062536,0.0,94.48%,18.31%,41.3,
2026-08-14,AX,"Axos Financial, Inc.",Financials,41.47,27.3,69.6,5.8B,5893570048.0,0.46250860103950314,7.52%,0.017467886757246216,,0.0843454748900191,,,88.4%,8.89%,55.1,金融・不動産セクター特化評価
2026-08-14,ECPG,"Encore Capital Group, Inc.",Financials,41.44,24.1,5.5,2.2B,6151394816.0,0.4439248928184648,-7.14%,0.0480980561069703,0.364875209322468,0.11484386694946624,2.7091281084591468,0.0,99.97%,84.92%,3.8,金融・不動産セクター特化評価
2026-08-14,PARR,"Par Pacific Holdings, Inc.",Energy,41.37,35.1,26.8,4.02B,5100823552.0,0.37563102154763117,2.05%,0.09635392959627137,0.0943887523192648,0.0011276003291402165,3.0177857611267926,0.0,88.66%,107.87%,1.6,
2026-08-14,OPLN,"OPENLANE, Inc.",Industrials,41.14,20.7,18.4,4.36B,6617550336.0,0.2846092730480815,0.61%,0.037614038058548356,0.15611269061773067,0.02206693637366679,0.09858130229174245,0.0,60.17%,13.42%,48.6,
2026-08-14,HLIT,Harmonic Inc.,Information Technology,41.06,91.6,49.3,1.52B,1324294912.0,0.2525319216859137,4.7%,-0.06027978393364909,0.06585432829528214,-0.09795657534280972,-0.7366097182161083,1.0,59.17%,36.2%,22.1,
2026-08-14,RRR,"Red Rock Resorts, Inc.",Consumer Discretionary,41.02,16.5,33.3,6.49B,7213712384.0,0.032087601453069776,2.67%,0.04513143878208997,0.3985124408210261,0.03004352209882955,0.07724405406640308,0.0,71.14%,2.58%,67.2,
2026-08-14,LUMN,Lumen Technologies,Communication Services,40.85,1.8,97.9,6.92B,18220251136.0,-0.16133015813551482,30.57%,-0.050637703104070814,0.106192549588776,0.025256747074277525,-0.678623718887262,1.0,31.9%,-22.31%,88.5,要確認: FCF異常値(>30%)
2026-08-14,IOSP,"Innospec, Inc.",Materials,40.66,78.7,22.6,2.31B,2118647936.0,0.5736659753985174,1.41%,0.06363239467365205,0.11242969628796401,0.056320977690666976,-0.10997328584149599,1.0,97.19%,15.95%,44.3,
2026-08-14,KAI,Kadant Inc.,Industrials,40.47,46.4,43.4,3.95B,4281810176.0,0.2482513153519968,3.91%,0.05955513971094127,0.19992910416555792,0.19703847673113828,-0.05527987965062757,1.0,81.82%,2.35%,67.8,
2026-08-14,CBRL,Cracker Barrel,Consumer Discretionary,40.34,73.1,14.5,1.29B,2427419136.0,0.3565969117962406,-0.27%,0.021453047434552456,0.055455087200790884,0.00018043075761487194,0.1390801886792453,0.0,85.33%,61.05%,9.9,
2026-08-14,OSW,OneSpaWorld Holdings Limited,Consumer Discretionary,40.33,69.1,25.4,2.73B,2782432256.0,0.19857555751195702,1.79%,0.10128483442818857,0.11145565925529734,-0.052688622939003754,-0.03661629789530491,0.0,77.15%,34.0%,24.3,
2026-08-14,PECO,Phillips Edison & Company,Real Estate,40.28,13.7,34.2,5.72B,7940183552.0,0.39992831290120284,2.8%,0.021054441572945715,0.6875779321051371,0.04760292995374957,0.19401451201208378,0.0,65.99%,16.75%,43.5,金融・不動産セクター特化評価
2026-08-14,OSIS,"OSI Systems, Inc.",Information Technology,40.17,43.4,20.5,3.76B,4467304448.0,0.2527764920301184,0.98%,0.06676476637886686,0.15241021593937773,0.1576692864905517,0.12900073507156137,1.0,27.09%,-21.5%,87.9,
2026-08-14,GO,Grocery Outlet,Consumer Staples,40.07,67.7,8.6,1.1B,2846785536.0,0.8919601360050893,-4.04%,-0.07276117652653635,-0.01862411781027773,-0.02606385174211148,-1.453994364322627,1.0,40.33%,14.15%,47.2,
2026-08-14,SM,SM Energy Company,Energy,40.05,2.8,50.0,8.03B,14524228608.0,,,,,,,,88.44%,,50.0,
2026-08-14,PRK,Park National Corp.,Financials,40.03,59.2,52.2,3.75B,3327983360.0,0.36040346274540214,5.11%,0.018365401453317807,,-3.4368992437801814e-05,,,89.07%,28.54%,28.1,金融・不動産セクター特化評価
2026-08-14,KALU,Kaiser Aluminum Corporation,Materials,39.99,50.4,21.4,2.97B,3970725888.0,0.2780432608684226,1.11%,0.043863069245165316,0.09564186184405574,0.06427652599692933,0.30028214429665456,0.0,85.68%,40.56%,19.2,
2026-08-14,ARCB,ArcBest Corp.,Industrials,39.74,56.2,48.8,3.19B,3571165696.0,0.4057291395287318,4.65%,0.024503172471380077,0.06627993211240056,0.009437670260617327,-0.2945689936594467,1.0,71.17%,56.64%,11.1,
2026-08-14,PTCT,"PTC Therapeutics, Inc.",Health Care,39.73,20.1,7.5,5.98B,6795493888.0,-0.0343095290637942,-4.79%,0.23549460856978158,0.5129063851547535,0.700132666754251,8.368768833583756,0.0,55.35%,-5.21%,76.5,
2026-08-14,ICUI,ICU Medical,Health Care,39.7,30.3,43.0,4.58B,5563559936.0,0.46414414802197806,3.83%,0.00018071807289357286,0.13375255796943614,-0.03649512801232941,0.14765363923381314,0.0,87.72%,17.96%,42.1,
2026-08-14,FELE,Franklin Electric,Industrials,39.69,37.6,37.1,4.68B,4898679296.0,0.28282918620324715,3.2%,0.07564859840000823,0.1258256891495601,0.06798780186377502,-0.08861163883781552,1.0,61.76%,6.14%,61.3,
2026-08-14,LEU,Centrus Energy Corp.,Energy,39.52,62.9,9.2,3.79B,3136357120.0,0.2016586184415968,-3.36%,0.03180833231121469,0.24470693113438824,1.2369672580940188,0.26936416184971096,1.0,14.91%,-37.88%,95.5,
2026-08-14,BRC,Brady Corporation,Industrials,39.49,45.8,37.9,4.44B,4339264512.0,0.26880668580606726,3.29%,0.10912825291350224,0.18662927249843916,0.14429168186997754,0.005850306224184589,1.0,82.07%,12.71%,50.0,
2026-08-14,PRKS,United Parks & Resorts,Consumer Discretionary,39.49,44.0,50.1,2.04B,4430209024.0,-0.21392558597564088,4.76%,0.06434838247064337,0.3218839150971484,0.016590132492584255,-0.14063167428371387,1.0,57.35%,17.96%,42.3,
2026-08-14,CVI,"CVR Energy, Inc.",Energy,39.41,38.4,59.1,3.54B,4859889152.0,0.2059407494403467,6.05%,0.007285483000539665,0.08251884948338453,-0.13065916021581045,0.5,0.0,70.93%,46.01%,15.8,
2026-08-14,CACC,Credit Acceptance,Financials,39.39,4.4,92.0,6.14B,12335536128.0,0.2480267463500048,17.14%,0.04910967712038185,0.2825735390532803,-0.025173356221624917,0.8319637291017286,0.0,69.44%,24.03%,33.6,金融・不動産セクター特化評価
2026-08-14,BHE,"Benchmark Electronics, Inc.",Information Technology,39.38,67.5,49.1,2.94B,2868178432.0,0.3745343363751877,4.65%,0.011995858503703454,0.048633601944712286,-0.029388918144491023,-0.17608832767375335,1.0,71.07%,65.87%,8.3,
2026-08-14,NPK,"National Presto Industries, Inc.",Industrials,39.37,96.8,11.9,1.0B,989798720.0,0.3942507932449483,-1.24%,0.0660716675087722,0.09548303556533551,0.10439416229044303,-0.043395212797707874,1.0,82.93%,18.21%,41.5,
2026-08-14,GEO,"GEO Group, Inc.",Industrials,39.32,30.9,14.9,4.11B,5473076736.0,0.36645075974279906,-0.09%,0.06618028515811389,0.23866323598762554,0.0582426598533072,0.7669860847742785,0.0,93.04%,78.5%,5.1,
2026-08-14,NOG,"Northern Oil and Gas, Inc.",Energy,39.24,33.7,2.1,2.61B,5271015936.0,0.8145484254813998,-17.61%,0.007165522819179665,0.5011524735102926,-0.034698996506313015,-0.3352407664766198,1.0,52.32%,12.86%,49.8,
2026-08-14,ATMU,Atmus Filtration Technologies Inc.,Industrials,39.16,38.2,31.4,4.16B,4860041216.0,0.09093775205974754,2.5%,0.15355001110535277,0.18681630108258232,0.1347559438796942,0.09793471019320453,1.0,37.24%,-10.66%,80.6,
2026-08-14,NSP,Insperity,Industrials,39.06,82.9,77.6,1.99B,1912759680.0,0.023071599478959023,9.79%,-0.0031774852473899226,0.009541984732824428,-0.15171351559491722,-0.6717171717171717,1.0,87.01%,17.98%,41.9,
2026-08-14,KWR,Quaker Chemical Corporation,Materials,39.03,53.4,46.5,2.94B,3721955328.0,0.4674110880671029,4.42%,-0.0008892269158408198,0.07652620888959957,0.07173963255880052,-0.48415120333786615,1.0,82.65%,7.28%,59.1,
2026-08-14,ROG,Rogers Corporation,Information Technology,39.01,76.1,43.6,2.55B,2277748480.0,0.4687669676627586,3.91%,-0.043219805580809845,0.012826837691169216,-0.03456890149213422,-0.8780773739742087,1.0,72.97%,41.65%,18.6,
2026-08-14,LW,Lamb Weston,Consumer Staples,38.86,6.8,61.6,7.3B,11362628608.0,0.2501154393289026,6.21%,0.03929486050324521,0.14938826127066224,-0.0016908800692584476,-0.05010097124723531,1.0,52.46%,23.8%,33.8,
2026-08-14,MTUS,Metallus Inc,Materials,38.75,97.8,5.9,0.91B,797674112.0,0.7555877720362701,-6.87%,-0.0010524469391334855,0.052059052059052056,0.02104414793588251,-0.014705882352941176,1.0,90.82%,4.91%,63.6,
2026-08-14,KTB,Kontoor Brands,Consumer Discretionary,38.73,27.9,76.7,4.69B,5843988480.0,0.1203733938706728,9.61%,0.08806848101501082,0.12790313330305006,0.5647446076705852,0.04761719176267012,1.0,87.61%,44.63%,16.8,
2026-08-14,AAMI,Acadian Asset Management Inc.,Financials,38.6,56.4,66.7,3.28B,3540360448.0,0.018457648393352715,7.15%,0.11816838995568685,0.3219797764768494,-0.03725824800910125,0.10941320293398533,0.0,97.5%,70.24%,6.9,金融・不動産セクター特化評価
2026-08-14,SDGR,"Schrödinger, Inc.",Health Care,38.45,95.4,10.5,1.32B,1075175936.0,0.276671539835388,-2.22%,-0.14220695163600308,-0.6287357983968359,-0.11790929829718692,0.20805170894519462,0.0,55.03%,0.69%,69.2,
2026-08-14,REYN,Reynolds Consumer Products,Consumer Staples,38.39,17.1,46.1,5.53B,7122910720.0,0.4072194171819309,4.41%,0.0609805510534846,0.16930932545014782,0.012928380874204802,-0.10891089108910891,1.0,84.45%,10.23%,53.4,
2026-08-14,CWEN,"Clearway Energy, Inc. (Class C)",Utilities,38.39,2.2,50.9,8.42B,17509607424.0,0.2284994154367387,5.01%,0.010147102972080456,0.7564730580825753,0.16232814571847304,-0.0018467220683287165,1.0,45.98%,-1.21%,71.3,
2026-08-14,RNG,"RingCentral, Inc.",Information Technology,38.37,18.7,84.7,5.39B,6912686592.0,-0.10920796641731446,11.88%,0.029289448548892812,0.13483095586650773,-0.16766252423627978,0.4107679955403758,0.0,91.06%,140.67%,1.2,
2026-08-14,LBRT,"Liberty Energy, Inc.",Energy,38.35,42.8,4.0,3.59B,4504344576.0,0.578780534160314,-8.41%,0.04155686485559838,0.18367640877098915,0.07945379102134029,-0.21804587184236562,1.0,49.27%,8.24%,56.3,
2026-08-14,FBP,First BanCorp (Puerto Rico),Financials,38.25,48.8,76.9,4.53B,4095765760.0,0.43377976408919516,9.65%,0.018024771163711165,,-0.008294700424057094,,,99.34%,40.94%,19.0,金融・不動産セクター特化評価
2026-08-14,HASI,"Hannon Armstrong Sustainable Infrastructure Capital, Inc.",Financials,38.23,7.0,50.0,5.41B,11174289408.0,0.4757506767945165,,0.022538811536199774,-0.0659272612870847,0.1564522131649399,-1.979703907090646,1.0,88.59%,25.37%,31.8,金融・不動産セクター特化評価
2026-08-14,KN,Knowles Corporation,Information Technology,38.1,59.0,22.0,3.29B,3329110272.0,0.2358663025495772,1.2%,0.04205118447340881,0.19099797707349966,-0.060007154355213733,0.0780209324452902,0.0,80.66%,54.47%,12.1,
2026-08-14,EAT,"Brinker International, Inc.",Consumer Discretionary,38.09,5.2,51.2,10.17B,11759886336.0,0.03646699757995526,5.01%,0.14302247442693944,0.1336688830281193,0.03297211831398712,0.7961068130771151,0.0,89.21%,42.25%,18.2,
2026-08-14,PDFS,"PDF Solutions, Inc.",Information Technology,38.03,79.5,13.6,2.15B,2082812288.0,0.12609397134907058,-0.62%,-0.001528551673405828,0.08444736649864855,0.32797845785929736,0.3763952969191844,0.0,60.87%,46.31%,15.6,
2026-08-14,MAN,ManpowerGroup,Industrials,37.78,49.6,48.4,2.71B,3987514112.0,0.7596136969127836,4.61%,-0.0014519492145282256,0.015303139148303457,0.11694915254237288,-0.3659437009690817,1.0,95.51%,92.63%,2.4,
2026-08-14,LFST,Lifestance Health,Health Care,37.75,37.5,41.7,4.75B,4916926464.0,0.3205422563540737,3.63%,0.0043844345540449735,0.0553105593332795,0.04042632339736902,0.9757724719101124,0.0,95.8%,66.94%,7.9,
2026-08-14,POOL,Pool Corporation,Consumer Discretionary,37.71,10.6,36.3,7.08B,8948996096.0,0.16739030044814807,3.01%,0.11207663495421837,0.11944823189642069,0.07658192070266945,-0.04659227234659001,1.0,13.56%,-25.73%,90.7,
2026-08-14,EXTR,"Extreme Networks, Inc.",Information Technology,37.58,62.7,32.1,3.2B,3138552832.0,0.020475914809324525,2.54%,-0.006474924949142313,0.03457603807495525,0.10610458145740335,2.2688791604970064,0.0,53.98%,51.71%,13.0,
2026-08-14,AESI,"Atlas Energy Solutions, Inc.",Energy,37.54,74.5,4.8,1.56B,2354836736.0,,-7.61%,-0.022573760516381953,0.16326245537792955,0.12966098429930875,-0.2189430006551649,1.0,38.5%,13.91%,47.8,
2026-08-14,SKT,"Tanger Factory Outlet Centers, Inc.",Real Estate,37.5,23.5,50.7,4.6B,6219958272.0,0.1537080664731739,4.96%,0.04321414828865557,0.5783338663805406,0.1154044019296291,0.11337793417128178,1.0,64.21%,17.74%,42.7,金融・不動産セクター特化評価
2026-08-14,COCO,The Vita Coco Company,Consumer Staples,37.21,57.0,34.0,3.77B,3478285824.0,0.08786476979329608,2.77%,0.1546541532403211,0.1371051854767293,0.27257775656008454,0.1212230939448803,1.0,61.06%,23.71%,34.0,
2026-08-14,AAP,"Advance Auto Parts, Inc.",Consumer Discretionary,37.11,23.9,6.5,3.41B,6152807936.0,0.6442693155387844,-6.68%,0.0037206155927617113,0.03720497616556214,0.09520281533617336,1.8101265822784811,0.0,68.3%,33.57%,24.7,
2026-08-14,ACA,"Arcosa, Inc.",Industrials,36.81,13.1,19.7,7.14B,8195322880.0,0.36993725281569784,0.84%,0.04180373906764021,0.19875841021016855,0.014179635845793917,0.4475877746905784,0.0,97.37%,25.69%,30.8,
2026-08-14,ECG,"Everus Construction Group, Inc.",Industrials,36.45,16.3,32.3,7.2B,7227768320.0,0.0874499097678241,2.56%,0.11671567178467905,0.08222909165550703,0.341700149713263,0.39993819698801203,0.0,69.2%,57.94%,10.5,
2026-08-14,NSIT,"Insight Enterprises, Inc.",Industrials,36.45,26.1,77.1,4.53B,5974273024.0,0.36422623328501047,9.69%,0.017314906883970416,0.05056091900504173,0.22001434367741063,-0.14741988116609347,1.0,96.69%,81.71%,4.3,
2026-08-14,INDV,Indivior,Health Care,36.25,39.6,26.2,4.6B,4797481472.0,-0.021504386025885197,1.88%,0.17485428809325562,0.2453591606133979,-0.08738601823708207,2.4157303370786516,0.0,81.54%,18.63%,40.7,
2026-08-14,ACLS,"Axcelis Technologies, Inc.",Information Technology,36.2,49.0,20.3,4.33B,4084572416.0,0.23906361607090046,0.97%,0.08832255604910122,0.19215348823905187,0.009319526298190736,-0.35905702756961977,1.0,55.38%,45.23%,16.2,
2026-08-14,NIC,Nicolet Bankshares,Financials,36.12,58.2,44.7,3.75B,3371292416.0,0.33521438897131134,3.98%,0.016405470290112027,,0.044142440513846234,,,98.51%,35.15%,23.1,金融・不動産セクター特化評価
2026-08-14,OGN,Organon & Co.,Health Care,36.02,7.2,87.8,3.6B,11024001024.0,0.2087148670708334,13.62%,0.014533302246055802,0.20752895752895753,-0.017861231967025416,-0.19576059850374064,1.0,100.0%,58.33%,10.1,
2026-08-14,IRDM,Iridium Communications,Communication Services,35.87,19.1,47.0,5.32B,6879689728.0,0.08696777675801093,4.5%,0.0451883023726901,0.5085383160157814,-0.05257852321810718,0.09708572064992761,0.0,83.19%,162.92%,0.6,
2026-08-14,MARA,"MARA Holdings, Inc.",Information Technology,35.68,29.1,0.8,3.55B,5701347328.0,0.9768613924838887,-32.87%,-0.17997779302279338,-0.603156456945429,0.07139529005926352,-1.5167916016488394,1.0,15.13%,-13.7%,82.8,
2026-08-14,OTTR,Otter Tail Corporation,Utilities,35.61,39.0,8.0,3.9B,4832210944.0,0.4774721766178937,-4.24%,0.06959474850281729,0.37391741778356485,0.08548466326878751,-0.05470428127205192,1.0,89.4%,6.57%,60.3,
2026-08-14,CCOI,"Cogent Communications Holdings, Inc.",Communication Services,35.47,65.3,1.5,0.58B,2948194560.0,-0.11022529436962401,-22.8%,-0.058769901386677266,0.19121182742583775,-0.023106096179700494,0.15395272317949607,0.0,6.3%,-51.17%,98.4,
2026-08-14,HNI,HNI Corporation,Industrials,35.32,35.3,35.2,3.53B,5098793472.0,0.520471419125787,2.95%,0.011095189355168884,0.08224727016555125,1.605194389632553,-0.2570792236716513,1.0,83.53%,7.94%,57.5,
2026-08-14,ACAD,Acadia Pharmaceuticals,Health Care,35.16,49.4,22.9,4.84B,4007410688.0,0.2538184364600018,1.42%,0.2499688338090839,0.1087918395154479,0.3169329390884997,0.1638246041412911,1.0,84.15%,6.45%,60.7,
2026-08-14,ANDE,"The Andersons, Inc.",Consumer Staples,35.08,63.5,7.3,2.24B,3065682432.0,0.5546742309062509,-4.86%,0.025778974109251375,0.029244536797769956,-0.09911450571346905,-0.10648838119343586,1.0,63.51%,13.35%,49.0,
2026-08-14,PENG,"Penguin Solutions, Inc.",Information Technology,35.0,57.8,9.6,3.27B,3406419456.0,0.1825953274389281,-3.29%,0.01570059361860005,0.08213215429056527,0.09677410603958207,0.786546315572012,0.0,64.7%,218.84%,0.4,
2026-08-14,BGC,"BGC Group, Inc.",Financials,34.99,21.7,60.6,5.33B,6488352768.0,0.18261820060274037,6.17%,0.03512293435001765,0.15319595447485573,0.22829330002196568,0.27982479488039996,0.0,63.42%,25.63%,31.0,金融・不動産セクター特化評価
2026-08-14,CWT,California Water Service Group,Utilities,34.99,40.0,4.2,3.12B,4740416512.0,0.5420505815686513,-8.3%,0.022607524203580746,0.3601235826984222,0.09475968783944816,-0.1510596021807228,1.0,72.71%,11.44%,52.0,
2026-08-14,INSW,"International Seaways, Inc.",Energy,34.94,37.1,23.1,4.81B,4956273152.0,0.4202769218211171,1.45%,0.11588703168128209,0.610860640672025,0.012230707287256054,-0.16207832682426157,1.0,97.92%,89.84%,3.2,
2026-08-14,PAYO,Payoneer Global Inc.,Financials,34.69,78.3,9.9,2.42B,2159236864.0,0.29156666363091344,-2.86%,0.008171860961801418,0.23173559355058698,0.129402248063775,4.144334836993341,0.0,98.39%,32.04%,25.7,金融・不動産セクター特化評価
2026-08-14,MDU,"MDU Resources Group, Inc.",Utilities,34.62,19.9,3.4,4.34B,6798878208.0,0.6383743263353859,-11.01%,0.024978989022338152,0.28022160286624576,0.08288152925675873,0.03618116812302426,1.0,67.73%,2.48%,67.4,
2026-08-14,AIR,AAR Corp.,Industrials,34.6,21.3,13.0,5.85B,6575626240.0,0.2913675707925174,-0.86%,0.05593134479573289,0.11792623941958888,0.17974407649581664,1.3014749262536873,0.0,89.37%,37.37%,20.9,
2026-08-14,SFBS,"ServisFirst Bancshares, Inc.",Financials,34.11,23.1,65.6,4.99B,6269691904.0,0.3704702330769492,6.99%,0.015603318969334678,,0.021643310665162948,,,96.99%,17.75%,42.5,金融・不動産セクター特化評価
2026-08-14,AIN,Albany International Corp.,Industrials,33.9,77.3,16.6,1.84B,2199876096.0,0.3948104169751753,0.27%,-0.03336341405089518,0.043870840107438795,0.04246568196926541,-0.7673007587580046,1.0,66.16%,11.92%,51.4,
2026-08-14,JBLU,JetBlue,Industrials,33.83,8.6,0.4,2.13B,9554410496.0,0.9944582929745882,-43.21%,-0.036330718165359085,0.05440300154491282,-0.016091681016566713,3.564814814814815,0.0,64.73%,13.45%,48.4,
2026-08-14,BOX,"Box, Inc.",Information Technology,33.75,34.1,38.4,4.52B,5258203648.0,0.04357595335584745,3.37%,0.07463035069790305,0.12090434256697584,-0.07283870658222989,0.2558453475445129,0.0,90.19%,22.88%,35.0,
2026-08-14,MATX,"Matson, Inc.",Industrials,33.73,18.1,28.3,6.5B,6989263360.0,0.42459078546435364,2.26%,0.09595305893519716,0.25133801764090297,0.008747878313095704,-0.059415911379657606,1.0,90.65%,49.77%,14.2,
2026-08-14,CHEF,"Chefs' Warehouse, Inc.",Consumer Staples,33.63,32.7,30.4,4.45B,5382343168.0,0.13579865422486256,2.41%,0.03568084331069863,0.05379780924956206,0.0910942163059917,0.1558188059500572,0.0,87.14%,68.99%,7.3,
2026-08-14,GFF,Griffon Corporation,Industrials,33.62,24.9,75.9,4.72B,6026523136.0,0.015679017279452142,9.43%,0.024766952715036608,0.11365294060222403,-0.12961744512968199,-0.37934075936199724,1.0,89.88%,22.87%,35.4,
2026-08-14,GOLF,Acushnet Company,Consumer Discretionary,33.46,22.9,22.4,5.26B,6271541248.0,0.14896810192793863,1.39%,0.08048195692233616,0.1384378187616513,0.07453103055399352,-0.01676816574420012,1.0,36.45%,-2.75%,72.7,
2026-08-14,MRCY,Mercury Systems,Industrials,33.43,18.5,23.3,6.67B,6916824064.0,0.22084215402390972,1.46%,-0.01556783326843998,0.07130655029494967,0.02348097128720987,1.981926619356787,0.0,73.61%,7.94%,57.7,
2026-08-14,HCC,"Warrior Met Coal, Inc.",Materials,33.41,37.8,12.6,5.19B,4896795136.0,0.41298301647037333,-1.03%,0.02047489779254896,0.1929333617293478,0.0741971108802724,-0.4280603459004931,1.0,78.13%,-3.88%,74.7,
2026-08-14,HTO,H2O America,Utilities,33.41,43.8,3.8,2.67B,4436506112.0,0.5765157170841047,-9.38%,0.019919736925403032,0.3847137735919759,0.10545822529162406,0.06434858333592511,1.0,86.12%,20.94%,37.2,
2026-08-14,POWI,Power Integrations,Information Technology,33.26,60.8,27.3,3.51B,3218852096.0,0.19190973835941064,2.1%,0.028610204258702653,0.08617735127529853,-0.06831228750063342,-0.2721525013806631,1.0,52.87%,45.32%,16.0,
2026-08-14,PRLB,Protolabs,Industrials,33.25,80.3,26.4,2.2B,2067934592.0,0.30665266301400246,1.9%,0.02782366078738301,0.1125716761672172,0.02676890218315239,-0.021026360433250686,1.0,97.64%,67.04%,7.7,
2026-08-14,SEI,"Solaris Energy Infrastructure, Inc.",Energy,33.25,27.5,2.7,6.37B,5892436992.0,0.08859797955825707,-12.66%,0.014077231830810048,0.2972525132392057,0.8957856019418678,0.8986377588206913,0.0,62.85%,14.74%,46.0,
2026-08-14,ESE,ESCO Technologies Inc.,Industrials,32.78,14.1,35.0,7.92B,7870675456.0,0.19445404162279706,2.95%,0.1241389353083404,0.2240082966035779,0.31097671079396505,0.23705477552872375,1.0,68.61%,39.82%,19.6,
2026-08-14,LTH,"Life Time Group Holdings, Inc.",Consumer Discretionary,32.44,3.0,9.0,10.11B,13948707840.0,0.30910083613635453,-3.41%,0.04666249830949265,0.2596233041927983,0.11959588604714663,0.2301206648907562,0.0,91.45%,69.58%,7.1,
2026-08-14,RELY,Remitly,Financials,32.41,39.8,40.9,5.54B,4785215488.0,0.1568846613860297,3.54%,0.04657050427328748,0.07705790366248416,0.44017648841757734,15.068892362661902,0.0,94.36%,90.72%,2.8,金融・不動産セクター特化評価
2026-08-14,FSS,Federal Signal Corporation,Industrials,31.97,13.9,31.9,7.68B,7934780416.0,0.17989903210300986,2.53%,0.10306779235977598,0.19220362302224261,0.35542714706548834,0.22651448639157157,1.0,74.01%,7.95%,56.9,
2026-08-14,PAYC,Paycom,Industrials,31.35,8.0,45.7,9.83B,10688317440.0,0.1761180621896693,4.31%,0.059668101122560435,0.38948189306428815,0.2967286131162648,0.0010021295252411375,1.0,87.3%,43.55%,17.4,
2026-08-14,NEO,"NeoGenomics Laboratories, Inc.",Health Care,30.9,73.7,27.7,2.08B,2408541440.0,0.40305058883711725,2.12%,-0.07944007706845709,-0.05319578954315223,-0.16984221367269867,-24.606221045665123,1.0,91.07%,24.24%,33.2,
2026-08-14,RXO,"RXO, Inc.",Industrials,30.82,42.0,15.3,3.88B,4559077376.0,0.39726093324783857,0.15%,-0.030515715593530668,0.006269592476489028,-0.04012888107791447,1.1925133689839573,0.0,67.24%,50.96%,13.4,
2026-08-14,ITGR,Integer Holdings Corporation,Health Care,30.32,29.7,31.7,4.25B,5594201600.0,0.41066723550931183,2.53%,0.03014387301620811,0.15773692475927056,0.10806014741529403,-0.05957975111848728,1.0,98.63%,46.88%,15.4,
2026-08-14,DNOW,NOW Inc,Industrials,29.95,56.8,1.9,2.97B,3488617984.0,0.7517728291370122,-17.97%,-0.0226809378185525,-0.01028368794326241,1.420727945712523,-1.1946308724832215,1.0,86.88%,14.57%,46.4,
2026-08-14,MTRN,Materion Corp.,Materials,29.87,22.5,15.7,5.9B,6373375488.0,0.1599083265473002,0.23%,0.04150374888853512,0.10148442528896476,0.061950410925336,0.5320596238022004,0.0,89.11%,90.08%,3.0,
2026-08-14,COHU,"Cohu, Inc.",Information Technology,29.78,70.9,29.1,2.81B,2594802176.0,0.2798331676090766,2.36%,-0.05975388219620236,-0.021344236526285115,0.24370957009850763,0.18351490583565577,1.0,72.64%,103.5%,1.8,
2026-08-14,NATL,NCR Atleos,Financials,29.29,25.5,88.3,3.47B,5985677824.0,0.11620587180346309,13.78%,0.02858151023288638,0.1690399632521819,0.024028906955736225,0.020804438280166437,1.0,89.66%,15.25%,44.7,金融・不動産セクター特化評価
2026-08-14,ENVA,"Enova International, Inc.",Financials,29.26,6.2,96.9,6.61B,11431570432.0,0.2022497679284968,26.81%,0.04767600556054388,0.14232467850997557,0.22830822096905679,0.34088836940957723,0.0,98.78%,71.0%,6.7,金融・不動産セクター特化評価
2026-08-14,ACMR,"ACM Research, Inc.",Information Technology,29.26,34.9,9.4,5.6B,5109731328.0,0.26143791423781065,-3.33%,0.03275485388301937,0.17582760185463586,0.5477461320963658,-0.12162311964438138,1.0,54.61%,54.08%,12.3,
2026-08-14,RHI,Robert Half,Industrials,29.0,46.2,32.5,4.42B,4320574464.0,0.2885817033762987,2.57%,0.0465606264940783,0.02939236286061594,0.0006554781119007288,-0.5220911215306434,1.0,94.5%,56.09%,11.5,
2026-08-14,ALKS,Alkermes plc,Health Care,28.89,9.8,26.0,8.23B,9211880448.0,0.22104398334066247,1.86%,0.09717116212228985,0.22419691320341026,0.20988175038809243,-0.3313435489965869,1.0,78.33%,57.14%,10.7,
2026-08-14,CNK,"Cinemark Holdings, Inc.",Communication Services,28.88,20.3,53.2,4.33B,6789448704.0,0.09351952284385967,5.25%,0.031168948329912717,0.16674157303370787,-0.12494572725478587,-0.1572286224241441,1.0,90.79%,53.81%,12.6,
2026-08-14,KLIC,"Kulicke and Soffa Industries, Inc.",Information Technology,28.71,42.6,21.2,5.19B,4534674432.0,0.15842715038761204,1.1%,0.0001928750332777346,0.058989635840209394,-0.10951795007426449,2.1506963705228,0.0,63.57%,68.29%,7.5,
2026-08-14,KGS,"Kodiak Gas Services, Inc.",Energy,28.66,10.4,16.4,6.6B,8992804864.0,0.1823315834699562,0.24%,0.01864768017356115,0.4495275590551181,-0.026404228248010257,0.10256991997359954,0.0,72.68%,80.58%,4.5,
2026-08-14,KNTK,"Kinetik Holdings, Inc.",Energy,28.58,4.6,12.4,9.04B,12218639360.0,-0.06252791936076052,-1.06%,0.0741201849988676,0.6715089472899683,0.04118512027330554,0.47867114626676416,0.0,97.02%,50.07%,14.0,
2026-08-14,KRMN,Karman Holdings,Industrials,28.55,11.6,13.4,8.22B,8841812992.0,0.04656506092199453,-0.7%,0.015728704750311566,0.2541378579003181,0.4265543438937413,0.2244885446258865,1.0,24.54%,-43.36%,97.4,
2026-08-14,DXPE,"DXP Enterprises, Inc.",Industrials,28.47,54.6,29.8,3.12B,3668760320.0,0.15993735864491998,2.38%,0.052622459061629344,0.10841390323676517,0.24873100584367178,0.19910698613305247,1.0,94.22%,66.41%,8.1,
2026-08-14,OUT,Outfront Media,Real Estate,28.22,9.0,41.9,5.33B,9371945984.0,0.13337514183424992,3.64%,0.027675276752767528,0.2473658350166512,0.01848443012732014,-0.21445908460471566,1.0,73.76%,26.22%,30.2,金融・不動産セクター特化評価
2026-08-14,ICHR,"Ichor Holdings, Ltd.",Information Technology,28.09,71.5,17.2,2.66B,2564052480.0,0.2494758724184253,0.38%,-0.055978550800261755,-0.007852038512027622,-0.05291975201996055,-1.3389050828930589,1.0,57.26%,146.53%,1.0,
2026-08-14,RHP,Ryman Hospitality Properties,Real Estate,28.05,4.8,66.9,7.92B,12028454912.0,0.0946985182300096,7.17%,0.03938161999086583,0.30034368608271206,0.18468548499465173,0.025107046316322032,1.0,77.74%,35.55%,22.3,金融・不動産セクター特化評価
2026-08-14,PLXS,Plexus Corp.,Information Technology,27.9,17.9,17.0,7.13B,7030129152.0,0.20409432499118535,0.29%,0.05510963912645715,0.06878684323150754,-0.005298652016078274,0.1742185350574591,0.0,78.0%,48.78%,14.8,
2026-08-14,ESI,Element Solutions,Materials,27.89,6.0,17.8,9.46B,11447682048.0,0.2827927472041666,0.54%,0.03740149762810209,0.18430542489808718,0.04667719895771354,-0.06259968102073366,1.0,60.44%,32.65%,25.3,
2026-08-14,CON,"Concentra Group Holdings Parent, Inc.",Health Care,27.67,21.5,47.6,4.52B,6493532672.0,0.08704848265177023,4.53%,0.058219877777264666,0.1890222735607606,0.13375726450163497,0.11043406242787124,1.0,99.47%,65.04%,8.5,
2026-08-14,CSW,"CSW Industrials, Inc.",Industrials,27.6,21.9,22.2,5.62B,6485092352.0,0.1867826483940005,1.29%,0.048364386338404376,0.21696846978751078,0.6798947112717675,0.05504323413812465,1.0,91.74%,5.24%,62.8,
2026-08-14,CENX,Century Aluminum Company,Materials,27.38,38.0,12.8,4.62B,4860298752.0,0.17418503957318043,-1.0%,0.018419777023751818,0.056252225167134774,0.0704245283018868,-0.6765241128298453,1.0,52.12%,-3.65%,74.3,
2026-08-14,CORT,Corcept Therapeutics Incorporated,Health Care,27.23,5.6,18.9,12.37B,11647177728.0,0.052352006909669374,0.63%,0.1191082064086459,,-0.0046421819920933,,,91.73%,223.45%,0.2,
2026-08-14,PSMT,PriceSmart,Consumer Staples,27.13,31.7,20.8,5.56B,5424324608.0,0.2242795746770382,1.05%,0.06517266103667574,0.05809649695052878,0.1218488807501283,0.030899302013151646,1.0,79.21%,28.58%,27.9,
2026-08-14,SAH,"Sonic Automotive, Inc.",Consumer Discretionary,26.84,18.9,7.8,2.56B,6882556928.0,0.4179736067273037,-4.54%,0.019880416031621082,0.03466503009185936,0.012721135742999134,-0.13187902825979178,1.0,44.86%,27.0%,29.6,
2026-08-14,RDNT,"RadNet, Inc.",Health Care,26.84,14.3,33.1,6.01B,7839809024.0,0.18139028895938203,2.63%,-0.004962534883677618,0.15381553859651703,0.14357088742777688,-0.02873714411283159,1.0,72.9%,4.6%,64.6,
2026-08-14,RUSHA,Rush Enterprises,Industrials,26.68,14.9,37.7,9.6B,7666693632.0,0.22953308660723773,3.27%,0.059536363094668455,0.08701143836017215,-0.040500075039842584,-0.08368983199705357,1.0,96.36%,34.48%,23.7,
2026-08-14,ROAD,"Construction Partners, Inc.",Industrials,26.65,12.2,19.3,6.9B,8527962112.0,0.13219464817058935,0.76%,0.031424984624200646,0.13268839364575466,1.1002415482431824,0.8284433338233133,1.0,48.85%,8.4%,55.5,
2026-08-14,AMRX,Amneal Pharmaceuticals,Health Care,26.63,12.7,11.1,6.32B,8259546112.0,-0.011198795224390535,-1.82%,0.019589862653196604,0.2000397514211133,0.050503435010402845,0.3731447815122802,0.0,88.97%,37.6%,20.6,
2026-08-14,PENN,Penn Entertainment,Consumer Discretionary,25.33,4.0,10.7,2.52B,12568030208.0,0.7269617343832447,-2.15%,-0.059088201282545466,0.004597040655078293,-0.0650779402032539,-0.9431414356787491,1.0,66.67%,28.88%,27.7,
2026-08-14,NPO,"EnPro Industries, Inc.",Industrials,25.32,15.3,24.7,7.27B,7568493568.0,0.2124327735511754,1.77%,0.015208411565903118,0.1700341117816846,0.06883403572145294,-0.17487266553480477,1.0,75.01%,42.35%,18.0,
2026-08-14,BLFS,"BioLife Solutions, Inc.",Health Care,24.81,87.3,16.8,1.72B,1656305152.0,0.21682432101141572,0.27%,-0.011320968552591381,-0.12383852661774794,0.016013036719592876,-3.8477533460803057,1.0,98.4%,43.32%,17.6,
2026-08-14,ACHC,Acadia Healthcare,Health Care,24.37,31.3,8.8,2.87B,5444418560.0,0.679013545888227,-3.66%,-0.19950834453802188,-0.22272244155870813,-0.0720955393857391,-2.2138483355872087,1.0,79.51%,158.86%,0.8,
2026-08-14,KMX,"CarMax, Inc.",Consumer Discretionary,23.66,0.8,10.9,8.5B,27221749760.0,0.6925366703570495,-1.88%,0.009378447728664658,0.06216841914675213,-0.03781547255921226,-0.12331104090770892,1.0,91.83%,23.5%,34.4,
2026-08-14,LQDA,Liquidia Corporation,Health Care,23.66,22.7,19.5,6.66B,6352306176.0,0.006715851360030319,0.82%,-0.21017643794178098,-0.2730166750884285,0.4238623091184605,0.6121425302621071,0.0,73.54%,91.91%,2.6,
2026-08-14,NGVT,"Ingevity, Corp.",Materials,23.31,53.2,38.6,2.64B,3728588800.0,0.011253440688338456,3.37%,-0.10120525710132638,0.03545734840698869,-0.18367447839414616,-0.35714285714285715,1.0,92.46%,14.7%,46.2,
2026-08-14,MAC,Macerich,Real Estate,22.66,5.4,54.1,7.29B,11754498048.0,0.3359127292120361,5.33%,-0.023557942496342018,,-0.023153157117645897,0.3716644692364873,0.0,81.5%,37.03%,21.1,金融・不動産セクター特化評価
2026-08-14,PI,"Impinj, Inc.",Information Technology,22.48,29.5,21.0,5.28B,5597072384.0,0.039662998298483514,1.07%,-0.01989596211201315,0.01987675690645988,0.11471742864153103,-0.8758669595447706,1.0,53.41%,0.55%,69.8,
2026-08-14,ETSY,Etsy,Consumer Discretionary,22.26,9.2,28.7,7.33B,9357552640.0,-0.1497396487876259,2.31%,0.057646748399683936,0.12728242507979015,0.1693585277746298,-0.31096300607334953,1.0,81.64%,25.57%,31.4,
2026-08-14,CAKE,"The Cheesecake Factory, Inc.",Consumer Discretionary,20.99,15.7,35.4,5.64B,7453065728.0,0.07735516169736656,2.96%,0.04550641511470191,0.07526348643826467,0.07229761716900741,-0.0008138596764377008,1.0,93.26%,88.96%,3.4,
2026-08-14,FORM,"FormFactor, Inc.",Information Technology,20.94,8.2,21.6,10.26B,9970427904.0,0.10092780649810958,1.12%,0.04439945048931607,0.1369451702117089,0.068178308607024,-0.04641054527068383,1.0,78.49%,74.81%,5.9,
2026-08-14,RAL,Ralliant Corp,Information Technology,20.21,11.2,45.3,8.0B,8857222144.0,0.2043343301591232,4.18%,-0.31989219175214567,-0.5165313225058005,-0.19023604695512142,-2.9585777126099706,1.0,91.82%,34.36%,24.1,
2026-08-14,MXL,"MaxLinear, Inc.",Information Technology,19.15,17.7,15.5,7.69B,7035016192.0,0.05873029717739615,0.19%,-0.171624418003104,-0.18571083373784592,-0.07892658091989836,0.5000316632412797,0.0,62.38%,342.11%,0.0,
2026-08-14,RCUS,"Arcus Biosciences, Inc.",Health Care,16.79,61.0,5.0,3.75B,3210841344.0,0.16809687071760568,-7.21%,-0.3099209833187006,-1.3562753036437247,-0.009565217391304347,-0.25,1.0,89.71%,35.29%,22.7,
2026-08-14,MSGS,Madison Square Garden Sports Corp.,Communication Services,11.14,7.6,18.7,9.8B,10939117568.0,-0.028709273327354908,0.61%,-0.015233126993416042,0.007311252670271935,0.09409697153366432,-0.9443047624632571,1.0,87.17%,43.6%,17.2,
2026-08-14,PTGX,"Protagonist Therapeutics, Inc.",Health Care,8.51,10.0,20.1,10.04B,9024769024.0,0.061248638504204304,0.96%,-0.19477901428939162,-3.4085318150208623,-0.10277216422169257,-1.618313629178181,1.0,99.58%,83.01%,4.0,
2026-08-14,GKOS,Glaukos Corp.,Health Care,8.04,7.4,15.1,10.88B,10990580736.0,0.06028450549100332,0.14%,-0.21006573123056071,-0.28783979252801306,-0.08337368531201654,-0.5272221583245329,1.0,95.41%,61.19%,9.7,
